Date,Open,High,Low,Close,Adj Close,Volume
2019-05-16,1.284588,1.285512,1.279034,1.284752,1.284752,0
2019-05-17,1.279787,1.279918,1.272135,1.279771,1.279771,0
2019-05-20,1.273026,1.275754,1.271682,1.273156,1.273156,0
2019-05-21,1.272783,1.279427,1.268617,1.272912,1.272912,0
2019-05-22,null,null,null,null,null,null
2019-05-23,1.266336,1.268343,1.260589,1.266416,1.266416,0
2019-05-24,1.266464,1.271715,1.264942,1.266464,1.266464,0
2019-05-27,1.272281,1.274860,1.266833,1.272475,1.272475,0
2019-05-28,1.268086,1.270002,1.265583,1.268231,1.268231,0
2019-05-29,1.265983,1.266961,1.261257,1.265967,1.265967,0
2019-05-30,1.262945,1.264063,1.258400,1.262945,1.262945,0
2019-05-31,1.260700,1.263647,1.256013,1.260970,1.260970,0
2019-06-03,1.264047,1.265823,1.261304,1.263951,1.263951,0
2019-06-04,1.266304,1.270584,1.264462,1.266416,1.266416,0
2019-06-05,1.270374,1.274405,1.269325,1.270277,1.270277,0
2019-06-06,1.268681,1.274194,1.266961,1.268858,1.268858,0
2019-06-07,1.269841,1.276178,1.268939,1.269841,1.269841,0
2019-06-10,1.272265,1.272912,1.265615,1.272297,1.272297,0
2019-06-11,1.269213,1.272767,1.267299,1.269116,1.269116,0
2019-06-12,1.272313,1.275868,1.268842,1.272443,1.272443,0
2019-06-13,1.269358,1.270567,1.266496,1.269342,1.269342,0
2019-06-14,1.267990,1.268392,1.259018,1.268006,1.268006,0
2019-06-17,1.259446,1.260557,1.255524,1.259604,1.259604,0
2019-06-18,1.254060,1.256092,1.250719,1.254154,1.254154,0
2019-06-19,1.256644,1.263855,1.254548,1.256660,1.256660,0
2019-06-20,1.265374,1.272572,1.265374,1.265663,1.265663,0
2019-06-21,1.270551,1.272443,1.264494,1.270793,1.270793,0
2019-06-24,1.275055,1.276666,1.271100,1.275087,1.275087,0
2019-06-25,1.273950,1.278396,1.271246,1.273966,1.273966,0
2019-06-26,1.269084,1.270696,1.266416,1.269068,1.269068,0
2019-06-27,1.269567,1.272426,1.266689,1.269841,1.269841,0
2019-06-28,1.267395,1.273415,1.266608,1.267748,1.267748,0
2019-07-01,1.269374,1.270810,1.263296,1.269454,1.269454,0
2019-07-02,1.264414,1.264862,1.258637,1.264462,1.264462,0
2019-07-03,1.259763,1.260239,1.255887,1.259827,1.259827,0
2019-07-04,1.258384,1.259287,1.257055,1.258273,1.258273,0
2019-07-05,1.258336,1.258701,1.248299,1.258305,1.258305,0
2019-07-08,1.252615,1.254076,1.250125,1.252552,1.252552,0
2019-07-09,1.251878,1.252035,1.244122,1.251643,1.251643,0
2019-07-10,1.245733,1.252113,1.244524,1.245858,1.245858,0
2019-07-11,1.250625,1.257229,1.250625,1.250813,1.250813,0
2019-07-12,1.252270,1.256266,1.252270,1.252348,1.252348,0
2019-07-15,1.257229,1.257640,1.251189,1.257197,1.257197,0
2019-07-16,1.252035,1.252035,1.239741,1.251799,1.251799,0
2019-07-17,1.240880,1.243936,1.238344,1.241203,1.241203,0
2019-07-18,1.243503,1.249547,1.242915,1.243472,1.243472,0
2019-07-19,1.254390,1.255493,1.249641,1.254186,1.254186,0
2019-07-22,1.251032,1.251564,1.245764,1.251283,1.251283,0
2019-07-23,1.247303,1.248175,1.242035,1.247489,1.247489,0
2019-07-24,1.243781,1.252129,1.242946,1.243905,1.243905,0
2019-07-25,1.248564,1.251799,1.246525,1.248595,1.248595,0
2019-07-26,1.245377,1.245951,1.237777,1.245345,1.245345,0
2019-07-29,1.237777,1.238390,1.221598,1.237670,1.237670,0
2019-07-30,1.221747,1.222016,1.212106,1.221747,1.221747,0
2019-07-31,1.215791,1.224680,1.214727,1.216160,1.216160,0
2019-08-01,1.215466,1.215466,1.208196,1.215377,1.215377,0
2019-08-02,1.212724,1.214491,1.209175,1.212430,1.212430,0
2019-08-05,1.214919,1.218814,1.210317,1.215214,1.215214,0
2019-08-06,1.215613,1.220971,1.214285,1.215820,1.215820,0
2019-08-07,1.217226,1.219141,1.212224,1.216974,1.216974,0
2019-08-08,1.214167,1.218324,1.209775,1.214329,1.214329,0
2019-08-09,1.214477,1.214772,1.205734,1.214373,1.214373,0
2019-08-12,1.202198,1.210068,1.201923,1.202198,1.202198,0
2019-08-13,1.208021,1.209760,1.204355,1.207875,1.207875,0
2019-08-14,1.206418,1.209995,1.204674,1.206418,1.206418,0
2019-08-15,1.206040,1.214255,1.205110,1.206040,1.206040,0
2019-08-16,1.209219,1.217730,1.208313,1.209161,1.209161,0
2019-08-19,1.215983,1.217271,1.210580,1.216101,1.216101,0
2019-08-20,1.212974,1.216723,1.206695,1.213151,1.213151,0
2019-08-21,1.216530,1.217582,1.211475,1.216234,1.216234,0
2019-08-22,1.213151,1.226979,1.210962,1.213224,1.213224,0
2019-08-23,1.225145,1.227792,1.219646,1.225190,1.225190,0
2019-08-26,1.226196,1.228381,1.220942,1.226242,1.226242,0
2019-08-27,1.222165,1.230527,1.221001,1.222195,1.222195,0
2019-08-28,1.228215,1.228954,1.216367,1.228320,1.228320,0
2019-08-29,1.221747,1.223107,1.218457,1.221852,1.221852,0
2019-08-30,1.218531,1.222374,1.216219,1.218650,1.218650,0
2019-09-02,1.215939,1.217582,1.203905,1.215924,1.215924,0
2019-09-03,1.206535,1.210243,1.195943,1.206666,1.206666,0
2019-09-04,1.209190,1.222046,1.208678,1.209044,1.209044,0
2019-09-05,1.224545,1.235330,1.221300,1.224890,1.224890,0
2019-09-06,1.232590,1.234416,1.228894,1.232392,1.232392,0
2019-09-09,1.228697,1.238114,1.223691,1.228305,1.228305,0
2019-09-10,1.234644,1.237517,1.230845,1.234537,1.234537,0
2019-09-11,1.235315,1.237118,1.232286,1.235483,1.235483,0
2019-09-12,1.233517,1.235926,1.228637,1.233471,1.233471,0
2019-09-13,1.233046,1.247038,1.232863,1.232939,1.232939,0
2019-09-16,1.249844,1.249844,1.240202,1.249734,1.249734,0
2019-09-17,1.242730,1.249531,1.239465,1.242854,1.242854,0
2019-09-18,1.250313,1.250625,1.244137,1.250266,1.250266,0
2019-09-19,1.247007,1.249859,1.244245,1.247054,1.247054,0
2019-09-20,1.252662,1.258305,1.246479,1.252505,1.252505,0
2019-09-23,1.247085,1.249172,1.241527,1.247194,1.247194,0
2019-09-24,1.243565,1.250219,1.241557,1.243456,1.243456,0
2019-09-25,1.248595,1.248782,1.235682,1.248595,1.248595,0
2019-09-26,1.235926,1.238083,1.230497,1.235956,1.235956,0
2019-09-27,1.233046,1.233654,1.227310,1.233198,1.233198,0
2019-09-30,1.229287,1.234385,1.228486,1.229317,1.229317,0
2019-10-01,1.229060,1.231375,1.221061,1.228999,1.228999,0
2019-10-02,1.229317,1.231785,1.222868,1.229226,1.229226,0
2019-10-03,1.230527,1.241265,1.226693,1.230436,1.230436,0
2019-10-04,1.233989,1.235788,1.227747,1.234233,1.234233,0
2019-10-07,1.233502,1.233806,1.228954,1.233441,1.233441,0
2019-10-08,1.228879,1.230315,1.219929,1.228803,1.228803,0
2019-10-09,1.222076,1.228320,1.220033,1.221956,1.221956,0
2019-10-10,1.221270,1.238482,1.220957,1.221300,1.221300,0
2019-10-11,1.243163,1.270035,1.243008,1.243317,1.243317,0
2019-10-14,1.261098,1.264670,1.252220,1.261900,1.261900,0
2019-10-15,1.260907,1.278952,1.260366,1.261177,1.261177,0
2019-10-16,1.275917,1.286174,1.266817,1.276064,1.276064,0
2019-10-17,1.282000,1.297842,1.275575,1.282380,1.282380,0
2019-10-18,1.286700,1.291489,1.284076,1.286860,1.286860,0
2019-10-21,1.290273,1.301270,1.289075,1.290023,1.290023,0
2019-10-22,1.297151,1.298870,1.289407,1.297168,1.297168,0
2019-10-23,1.288477,1.289491,1.284258,1.288477,1.288477,0
2019-10-24,1.292090,1.294783,1.280803,1.292324,1.292324,0
2019-10-25,1.284093,1.286025,1.280524,1.284027,1.284027,0
2019-10-28,1.282857,1.287515,1.281230,1.283203,1.283203,0
2019-10-29,1.285744,1.290473,1.280984,1.285744,1.285744,0
2019-10-30,1.286670,1.290456,1.285892,1.286670,1.286670,0
2019-10-31,1.290289,1.297539,1.290289,1.290173,1.290173,0
2019-11-01,1.293862,1.297353,1.293477,1.293962,1.293962,0
2019-11-04,1.293996,1.294498,1.290123,1.293761,1.293761,0
2019-11-05,1.288693,1.291456,1.286107,1.289158,1.289158,0
2019-11-06,1.287830,1.289773,1.286769,1.288062,1.288062,0
2019-11-07,1.285661,1.287714,1.279623,1.285678,1.285678,0
2019-11-08,1.281148,1.282216,1.276976,1.277999,1.277999,0
2019-11-11,1.279656,1.289175,1.278674,1.279640,1.279640,0
2019-11-12,1.285446,1.286836,1.281723,1.285843,1.285843,0
2019-11-13,1.285347,1.286008,1.282495,1.285215,1.285215,0
2019-11-14,1.285198,1.289158,1.282594,1.285380,1.285380,0
2019-11-15,1.288278,1.291739,1.286918,1.288178,1.288178,0
2019-11-18,1.291973,1.298212,1.291656,1.292123,1.292123,0
2019-11-19,1.294968,1.297185,1.292541,1.295085,1.295085,0
2019-11-20,1.292892,1.292892,1.289175,1.292950,1.292950,0
2019-11-21,1.292691,1.297017,1.290006,1.292708,1.292708,0
2019-11-22,1.291923,1.292992,1.282676,1.291990,1.291990,0
2019-11-25,1.285099,1.291322,1.284192,1.285347,1.285347,0
2019-11-26,1.289757,1.290489,1.283845,1.289724,1.289724,0
2019-11-27,1.285926,1.289275,1.282824,1.286091,1.286091,0
2019-11-28,1.293076,1.295169,1.290123,1.292992,1.292992,0
2019-11-29,1.291072,1.294331,1.288195,1.291289,1.291289,0
2019-12-02,1.291122,1.294331,1.289807,1.291289,1.291289,0
2019-12-03,1.293845,1.300813,1.293142,1.294063,1.294063,0
2019-12-04,1.299697,1.311992,1.298448,1.299782,1.299782,0
2019-12-05,1.311051,1.316656,1.310616,1.311131,1.311131,0
2019-12-06,1.315859,1.316517,1.310187,1.315841,1.315841,0
2019-12-09,1.314406,1.318044,1.313715,1.313957,1.313957,0
2019-12-10,1.314596,1.318878,1.313456,1.314579,1.314579,0
2019-12-11,1.313215,1.318705,1.311321,1.313129,1.313129,0
2019-12-12,1.320045,1.322926,1.311648,1.320010,1.320010,0
2019-12-13,1.347654,1.350986,1.330955,1.347527,1.347527,0
2019-12-16,1.335524,1.341706,1.332623,1.335327,1.335327,0
2019-12-17,1.327175,1.330495,1.310410,1.327246,1.327246,0
2019-12-18,1.312215,1.312560,1.306233,1.312215,1.312215,0
2019-12-19,1.308472,1.312956,1.299663,1.308729,1.308729,0
2019-12-20,1.301643,1.307839,1.300830,1.301744,1.301744,0
2019-12-23,1.300525,1.303254,1.290706,1.300542,1.300542,0
2019-12-24,1.294448,1.296950,1.292307,1.294498,1.294498,0
2019-12-25,1.293494,1.298700,1.292300,1.293494,1.293494,0
2019-12-26,1.297185,1.301575,1.296126,1.297353,1.297353,0
2019-12-27,1.300289,1.311819,1.297219,1.300221,1.300221,0
2019-12-30,1.309140,1.315270,1.308764,1.309192,1.309192,0
2019-12-31,1.311648,1.328198,1.310960,1.311303,1.311303,0
2020-01-01,1.325400,1.327100,1.321877,1.326260,1.326260,0
2020-01-02,1.325047,1.326788,1.312508,1.325030,1.325030,0
2020-01-03,1.314389,1.316119,1.305483,1.315270,1.315270,0
2020-01-06,1.308130,1.317400,1.306540,1.308010,1.308010,0
2020-01-07,1.317193,1.321213,1.309638,1.317003,1.317003,0
2020-01-08,1.311131,1.316951,1.308267,1.311372,1.311372,0
2020-01-09,1.310582,1.312456,1.301507,1.310513,1.310513,0
2020-01-10,1.306933,1.309569,1.304938,1.307019,1.307019,0
2020-01-13,1.304376,1.304631,1.296193,1.304563,1.304563,0
2020-01-14,1.298771,1.301897,1.295673,1.298819,1.298819,0
2020-01-15,1.302253,1.304121,1.298921,1.302253,1.302253,0
2020-01-16,1.304121,1.308164,1.302898,1.304121,1.304121,0
2020-01-17,1.307788,1.311579,1.301778,1.307873,1.307873,0
2020-01-20,1.300712,1.300965,1.296479,1.300728,1.300728,0
2020-01-21,1.300728,1.308404,1.299599,1.300559,1.300559,0
2020-01-22,1.304631,1.314976,1.303781,1.304802,1.304802,0
2020-01-23,1.314752,1.315184,1.309843,1.314475,1.314475,0
2020-01-24,1.311992,1.316067,1.305995,1.311992,1.311992,0
2020-01-27,1.306165,1.310307,1.305142,1.306182,1.306182,0
2020-01-28,1.305995,1.306848,1.297757,1.306012,1.306012,0
2020-01-29,1.302400,1.303101,1.299123,1.302456,1.302456,0
2020-01-30,1.302253,1.310960,1.298044,1.302202,1.302202,0
2020-01-31,1.308627,1.319609,1.308627,1.308900,1.308900,0
2020-02-03,1.318079,1.318339,1.300136,1.318166,1.318166,0
2020-02-04,1.299731,1.304257,1.294398,1.299748,1.299748,0
2020-02-05,1.303135,1.307002,1.295857,1.303271,1.303271,0
2020-02-06,1.299714,1.300052,1.292407,1.299714,1.299714,0
2020-02-07,1.293009,1.295505,1.290006,1.293025,1.293025,0
2020-02-10,1.288892,1.294834,1.287416,1.289158,1.289158,0
2020-02-11,1.291656,1.296849,1.289607,1.291823,1.291823,0
2020-02-12,1.295656,1.299207,1.295337,1.295656,1.295656,0
2020-02-13,1.295857,1.306865,1.294532,1.295756,1.295756,0
2020-02-14,1.304478,1.306336,1.300390,1.304682,1.304682,0
2020-02-17,1.305091,1.305313,1.300441,1.305296,1.305296,0
2020-02-18,1.300542,1.304904,1.297252,1.300898,1.300898,0
2020-02-19,1.299984,1.302168,1.292808,1.300221,1.300221,0
2020-02-20,1.292825,1.293042,1.285149,1.292825,1.292825,0
2020-02-21,1.288145,1.297690,1.287963,1.288328,1.288328,0
2020-02-24,1.295203,1.295500,1.288892,1.295370,1.295370,0
2020-02-25,1.292524,1.301795,1.291656,1.292658,1.292658,0
2020-02-26,1.300238,1.301067,1.291322,1.300339,1.300339,0
2020-02-27,1.290722,1.294532,1.286256,1.290689,1.290689,0
2020-02-28,1.288926,1.291890,1.275445,1.288892,1.288892,0
2020-03-02,1.280557,1.285182,1.274194,1.280705,1.280705,0
2020-03-03,1.276634,1.283746,1.275982,1.276715,1.276715,0
2020-03-04,1.282117,1.284604,1.277156,1.282084,1.282084,0
2020-03-05,1.287217,1.294582,1.286174,1.287498,1.287498,0
2020-03-06,1.295000,1.304972,1.295000,1.295068,1.295068,0
2020-03-09,1.309655,1.319975,1.303645,1.309929,1.309929,0
2020-03-10,1.307531,1.308832,1.293444,1.307531,1.307531,0
2020-03-11,1.290689,1.297741,1.285545,1.290972,1.290972,0
2020-03-12,1.281756,1.285182,1.254296,1.281821,1.281821,0
2020-03-13,1.257277,1.262499,1.240064,1.257024,1.257024,0
2020-03-16,1.240033,1.240033,1.222285,1.239987,1.239987,0
2020-03-17,1.226934,1.227054,1.200927,1.226663,1.226663,0
2020-03-18,1.211607,1.213033,1.174646,1.212165,1.212165,0
2020-03-19,1.161103,1.178856,1.147684,1.162534,1.162534,0
2020-03-20,1.149637,1.192435,1.148211,1.149439,1.149439,0
2020-03-23,1.160860,1.171166,1.148026,1.162304,1.162304,0
2020-03-24,1.159783,1.178967,1.158373,1.159555,1.159555,0
2020-03-25,1.179148,1.197318,1.164714,1.179204,1.179204,0
2020-03-26,1.184413,1.213916,1.182257,1.185115,1.185115,0
2020-03-27,1.219334,1.237991,1.215347,1.220063,1.220063,0
2020-03-30,1.244865,1.246727,1.231982,1.245319,1.245319,0
2020-03-31,1.236552,1.246945,1.226738,1.237164,1.237164,0
2020-04-01,1.241157,1.243843,1.233502,1.240849,1.240849,0
2020-04-02,1.238175,1.246556,1.235498,1.238237,1.238237,0
2020-04-03,1.239188,1.239403,1.220733,1.239495,1.239495,0
2020-04-06,1.221956,1.232742,1.221285,1.222016,1.222016,0
2020-04-07,1.223481,1.238237,1.222046,1.224050,1.224050,0
2020-04-08,1.233745,1.241804,1.228954,1.233867,1.233867,0
2020-04-09,1.239173,1.247521,1.236247,1.239311,1.239311,0
2020-04-10,1.245982,1.248814,1.244958,1.245485,1.245485,0
2020-04-13,1.245904,1.253337,1.245578,1.246106,1.246106,0
2020-04-14,1.252035,1.262084,1.251173,1.252395,1.252395,0
2020-04-15,1.262403,1.262786,1.244075,1.262626,1.262626,0
2020-04-16,1.252191,1.252662,1.241434,1.252097,1.252097,0
2020-04-17,1.248782,1.252317,1.240864,1.248782,1.248782,0
2020-04-20,1.248751,1.249157,1.241820,1.248751,1.248751,0
2020-04-21,1.244245,1.244400,1.226347,1.244276,1.244276,0
2020-04-22,1.230239,1.238313,1.227596,1.229861,1.229861,0
2020-04-23,1.232256,1.241573,1.230936,1.232392,1.232392,0
2020-04-24,1.235315,1.237425,1.229967,1.235224,1.235224,0
2020-04-27,1.236858,1.245377,1.236125,1.236660,1.236660,0
2020-04-28,1.242236,1.251846,1.240572,1.242267,1.242267,0
2020-04-29,1.243394,1.248626,1.239050,1.243565,1.243565,0
2020-04-30,1.246914,1.263775,1.242993,1.247147,1.247147,0
2020-05-01,1.258099,1.258099,1.250406,1.258147,1.258147,0
2020-05-04,1.245656,1.246883,1.240649,1.245423,1.245423,0
2020-05-05,1.244818,1.248034,1.242221,1.244555,1.244555,0
2020-05-06,1.244524,1.245020,1.233776,1.244420,1.244420,0
2020-05-07,1.232742,1.241465,1.226994,1.232559,1.232559,0
2020-05-08,1.237409,1.246354,1.235773,1.237593,1.237593,0
2020-05-11,1.241634,1.243781,1.228577,1.241742,1.241742,0
2020-05-12,1.233228,1.237624,1.228864,1.233350,1.233350,0
2020-05-13,1.225370,1.233745,1.222195,1.225490,1.225490,0
2020-05-14,1.223945,1.224140,1.216885,1.224155,1.224155,0
2020-05-15,1.223391,1.223810,1.211637,1.223391,1.223391,0
2020-05-18,1.208605,1.222434,1.208605,1.208576,1.208576,0
2020-05-19,1.220256,1.226934,1.218487,1.220003,1.220003,0
2020-05-20,1.225941,1.228697,1.222315,1.225595,1.225595,0
2020-05-21,1.223541,1.224950,1.218650,1.223691,1.223691,0
2020-05-22,1.222613,1.223541,1.216338,1.222345,1.222345,0
2020-05-25,1.218665,1.220390,1.216501,1.218606,1.218606,0
2020-05-26,1.220048,1.236277,1.219854,1.220137,1.220137,0
2020-05-27,1.233502,1.234934,1.220942,1.233502,1.233502,0
2020-05-28,1.226317,1.233502,1.223541,1.226482,1.226482,0
2020-05-29,1.231967,1.239219,1.229332,1.232149,1.232149,0
2020-06-01,1.234537,1.248502,1.234537,1.234800,1.234800,0
2020-06-02,1.248845,1.257545,1.247957,1.248704,1.248704,0
2020-06-03,1.257893,1.261304,1.255493,1.258147,1.258147,0
2020-06-04,1.257450,1.262228,1.250156,1.257514,1.257514,0
2020-06-05,1.260287,1.272977,1.258431,1.260907,1.260907,0
2020-06-08,1.271391,1.271876,1.262866,1.272572,1.272572,0
2020-06-09,1.273237,1.275494,1.262690,1.273528,1.273528,0
2020-06-10,1.271133,1.280033,1.270745,1.271133,1.271133,0
2020-06-11,1.271423,1.275039,1.262499,1.271068,1.271068,0
2020-06-12,1.257561,1.265086,1.252332,1.257703,1.257703,0
2020-06-15,1.251236,1.257846,1.245625,1.250876,1.250876,0
2020-06-16,1.263823,1.268713,1.256029,1.263775,1.263775,0
2020-06-17,1.258384,1.258732,1.251423,1.258511,1.258511,0
2020-06-18,1.255162,1.256329,1.240464,1.255272,1.255272,0
2020-06-19,1.242483,1.245485,1.235086,1.242684,1.242684,0
2020-06-22,1.234553,1.245501,1.233730,1.234812,1.234812,0
2020-06-23,1.249938,1.253164,1.243379,1.250156,1.250156,0
2020-06-24,1.252803,1.254301,1.241696,1.252489,1.252489,0
2020-06-25,1.241511,1.246417,1.239357,1.241295,1.241295,0
2020-06-26,1.242421,1.243688,1.231724,1.242545,1.242545,0
2020-06-29,1.234096,1.239004,1.225415,1.234217,1.234217,0
2020-06-30,1.231072,1.239203,1.226001,1.231057,1.231057,0
2020-07-01,1.238866,1.247738,1.236033,1.238927,1.238927,0
2020-07-02,1.246821,1.252976,1.246184,1.246479,1.246479,0
2020-07-03,1.246696,1.248626,1.244075,1.246640,1.246640,0
2020-07-06,1.247754,1.251987,1.247676,1.247552,1.247552,0
2020-07-07,1.249453,1.259097,1.246385,1.249547,1.249547,0
2020-07-08,1.253793,1.260033,1.251016,1.254280,1.254280,0
2020-07-09,1.261273,1.266945,1.260224,1.261352,1.261352,0
2020-07-10,1.260653,1.266400,1.256913,1.260509,1.260509,0
2020-07-13,1.262690,1.266641,1.259303,1.262751,1.262751,0
2020-07-14,1.254973,1.255966,1.248190,1.255178,1.255178,0
2020-07-15,1.257118,1.264974,1.256439,1.256929,1.256929,0
2020-07-16,1.259034,1.262435,1.252097,1.259100,1.259100,0
2020-07-17,1.256013,1.257229,1.251345,1.255950,1.255950,0
2020-07-20,1.257229,1.265935,1.251909,1.257118,1.257118,0
2020-07-21,1.266464,1.275136,1.265278,1.266175,1.266175,0
2020-07-22,1.273447,1.274080,1.264574,1.273075,1.273075,0
2020-07-23,1.273091,1.275982,1.267427,1.272993,1.272993,0
2020-07-24,1.273058,1.279476,1.272006,1.273075,1.273075,0
2020-07-27,1.279803,1.289956,1.279803,1.279591,1.279591,0
2020-07-28,1.288876,1.294884,1.284142,1.288975,1.288975,0
2020-07-29,1.292725,1.299376,1.291272,1.292374,1.292374,0
2020-07-30,1.298263,1.306984,1.294565,1.298246,1.298246,0
2020-07-31,1.311751,1.316968,1.310668,1.311785,1.311785,0
2020-08-03,1.310101,1.311166,1.300593,1.310170,1.310170,0
2020-08-04,1.307805,1.310633,1.298420,1.307873,1.307873,0
2020-08-05,1.308695,1.316205,1.306046,1.308609,1.308609,0
2020-08-06,1.312698,1.318513,1.311974,1.312680,1.312680,0
2020-08-07,1.313439,1.314803,1.301168,1.313802,1.313802,0
2020-08-10,1.305296,1.310204,1.301965,1.305227,1.305227,0
2020-08-11,1.307617,1.313129,1.305739,1.307719,1.307719,0
2020-08-12,1.305432,1.306677,1.300728,1.305074,1.305074,0
2020-08-13,1.304972,1.312164,1.304500,1.304802,1.304802,0
2020-08-14,1.307002,1.314164,1.305074,1.307053,1.307053,0
2020-08-17,1.310444,1.312129,1.307480,1.310700,1.310700,0
2020-08-18,1.310788,1.324047,1.310719,1.310788,1.310788,0
2020-08-19,1.325311,1.326735,1.317367,1.325399,1.325399,0
2020-08-20,1.310753,1.319366,1.306609,1.311080,1.311080,0
2020-08-21,1.322157,1.325486,1.306404,1.322034,1.322034,0
2020-08-24,1.309278,1.314924,1.306455,1.309415,1.309415,0
2020-08-25,1.307207,1.317055,1.305977,1.307138,1.307138,0
2020-08-26,1.314924,1.321248,1.311819,1.315218,1.315218,0
2020-08-27,1.321895,1.327981,1.316673,1.321982,1.321982,0
2020-08-28,1.319970,1.335363,1.318826,1.319958,1.319958,0
2020-08-31,1.335506,1.339316,1.330265,1.335648,1.335648,0
2020-09-01,1.336505,1.348072,1.335648,1.336452,1.336452,0
2020-09-02,1.340051,1.340141,1.328533,1.339944,1.339944,0
2020-09-03,1.334999,1.334999,1.324696,1.335131,1.335131,0
2020-09-04,1.326700,1.331824,1.317801,1.326225,1.326225,0
2020-09-07,1.324837,1.325908,1.314302,1.324574,1.324574,0
2020-09-08,1.316257,1.316656,1.301219,1.316222,1.316222,0
2020-09-09,1.296798,1.301795,1.288726,1.296849,1.296849,0
2020-09-10,1.299883,1.303356,1.284406,1.299917,1.299917,0
2020-09-11,1.281082,1.286008,1.276585,1.280830,1.280830,0
2020-09-14,1.280984,1.291506,1.279198,1.280656,1.280656,0
2020-09-15,1.284687,1.292491,1.281723,1.284967,1.284967,0
2020-09-16,1.288328,1.300576,1.287830,1.288477,1.288477,0
2020-09-17,1.296109,1.299511,1.286654,1.296000,1.296000,0
2020-09-18,1.298415,1.299917,1.293661,1.297555,1.297555,0
2020-09-21,1.293343,1.296613,1.278159,1.293276,1.293276,0
2020-09-22,1.281673,1.286587,1.271407,1.282051,1.282051,0
2020-09-23,1.274356,1.277580,1.267957,1.274405,1.274405,0
2020-09-24,1.271795,1.277449,1.269277,1.271747,1.271747,0
2020-09-25,1.275657,1.280377,1.269132,1.275705,1.275705,0
2020-09-28,1.276539,1.291906,1.275315,1.276683,1.276683,0
2020-09-29,1.287283,1.289873,1.283648,1.287349,1.287349,0
2020-09-30,1.286505,1.293962,1.280787,1.286654,1.286654,0
2020-10-01,1.291823,1.298027,1.282298,1.291756,1.291756,0
2020-10-02,1.288560,1.295102,1.283961,1.288627,1.288627,0
2020-10-05,1.292808,1.298752,1.290156,1.293109,1.293109,0
2020-10-06,1.299207,1.300898,1.292340,1.299258,1.299258,0
2020-10-07,1.288477,1.292925,1.285033,1.288328,1.288328,0
2020-10-08,1.291656,1.296933,1.289657,1.291756,1.291756,0
2020-10-09,1.293929,1.301507,1.292674,1.294046,1.294046,0
2020-10-12,1.302932,1.307976,1.300559,1.303169,1.303169,0
2020-10-13,1.306592,1.306745,1.296193,1.306575,1.306575,0
2020-10-14,1.293326,1.306267,1.286670,1.293527,1.293527,0
2020-10-15,1.301439,1.302932,1.289258,1.301236,1.301236,0
2020-10-16,1.290306,1.296176,1.287333,1.290206,1.290206,0
2020-10-19,1.292775,1.302287,1.292491,1.292775,1.292775,0
2020-10-20,1.294700,1.297791,1.291272,1.294867,1.294867,0
2020-10-21,1.295706,1.317141,1.295521,1.295404,1.295404,0
2020-10-22,1.313111,1.314994,1.307172,1.313198,1.313198,0
2020-10-23,1.307839,1.311441,1.302270,1.307805,1.307805,0
2020-10-26,1.305364,1.307258,1.299545,1.305466,1.305466,0
2020-10-27,1.301727,1.307788,1.300255,1.301575,1.301575,0
2020-10-28,1.303169,1.306353,1.291839,1.303186,1.303186,0
2020-10-29,1.298786,1.302524,1.288361,1.298988,1.298988,0
2020-10-30,1.293209,1.298752,1.290006,1.293193,1.293193,0
2020-11-02,1.292708,1.294247,1.285678,1.292674,1.292674,0
2020-11-03,1.292400,1.307702,1.291606,1.292390,1.292390,0
2020-11-04,1.313267,1.313767,1.291789,1.312164,1.312164,0
2020-11-05,1.296109,1.313249,1.294264,1.296680,1.296680,0
2020-11-06,1.313836,1.317593,1.309552,1.313940,1.313940,0
2020-11-09,1.317922,1.320585,1.312164,1.318061,1.318061,0
2020-11-10,1.316760,1.327633,1.315876,1.316968,1.316968,0
2020-11-11,1.326154,1.329451,1.319435,1.326154,1.326154,0
2020-11-12,1.322401,1.322874,1.312560,1.322419,1.322419,0
2020-11-13,1.312388,1.318687,1.311131,1.312164,1.312164,0
2020-11-16,1.321982,1.324188,1.316864,1.322052,1.322052,0
2020-11-17,1.322314,1.327140,1.319383,1.322209,1.322209,0
2020-11-18,1.325926,1.331115,1.324503,1.325908,1.325908,0
2020-11-19,1.324486,1.326350,1.319958,1.325645,1.325645,0
2020-11-20,1.325047,1.329557,1.324960,1.324924,1.324924,0
2020-11-23,1.330336,1.339764,1.326665,1.330513,1.330513,0
2020-11-24,1.332356,1.337972,1.329593,1.332907,1.332907,0
2020-11-25,1.336237,1.339351,1.330707,1.336327,1.336327,0
2020-11-26,1.338473,1.339870,1.332303,1.338545,1.338545,0
2020-11-27,1.335220,1.338115,1.329593,1.335452,1.335452,0
2020-11-30,1.333067,1.338133,1.330637,1.333191,1.333191,0
2020-12-01,1.333725,1.343851,1.331913,1.333689,1.333689,0
2020-12-02,1.342228,1.344140,1.329169,1.342264,1.342264,0
2020-12-03,1.337095,1.350001,1.335434,1.337077,1.337077,0
2020-12-04,1.345261,1.353766,1.341814,1.345497,1.345497,0
2020-12-07,1.341562,1.343653,1.322741,1.341742,1.341742,0
2020-12-08,1.335702,1.338491,1.329169,1.335738,1.335738,0
2020-12-09,1.336648,1.347654,1.336273,1.336559,1.336559,0
2020-12-10,1.336666,1.338957,1.324995,1.336702,1.336702,0
2020-12-11,1.330230,1.332500,1.313698,1.330566,1.330566,0
2020-12-14,1.331824,1.344375,1.329328,1.331824,1.331824,0
2020-12-15,1.332539,1.344863,1.328515,1.333084,1.333084,0
2020-12-16,1.344760,1.355014,1.343544,1.344447,1.344447,0
2020-12-17,1.350293,1.362194,1.349673,1.350293,1.350293,0
2020-12-18,1.356944,1.357239,1.347473,1.357018,1.357018,0
2020-12-21,1.340267,1.341184,1.319226,1.340195,1.340195,0
2020-12-22,1.344827,1.345659,1.330955,1.344954,1.344954,0
2020-12-23,1.339746,1.356135,1.337292,1.339944,1.339944,0
2020-12-24,1.351114,1.362027,1.350713,1.350530,1.350530,0
2020-12-25,1.356963,1.361300,1.351534,1.355201,1.355201,0
2020-12-28,1.357368,1.357773,1.343598,1.357239,1.357239,0
2020-12-29,1.346566,1.352064,1.346185,1.346602,1.346602,0
2020-12-30,1.349764,1.361748,1.349455,1.349990,1.349990,0
2020-12-31,1.362992,1.368457,1.360933,1.363066,1.363066,0
2021-01-01,1.369000,1.369000,1.366600,1.367301,1.367301,0
2021-01-04,1.368270,1.370379,1.354903,1.368420,1.368420,0
2021-01-05,1.357294,1.362583,1.355565,1.357160,1.357160,0
2021-01-06,1.362639,1.366979,1.354298,1.362955,1.362955,0
2021-01-07,1.362231,1.363382,1.354133,1.362528,1.362528,0
2021-01-08,1.356815,1.363178,1.354041,1.356963,1.356963,0
2021-01-11,1.352100,1.352979,1.345424,1.351625,1.351625,0
2021-01-12,1.352576,1.363568,1.350767,1.352411,1.352411,0
2021-01-13,1.366890,1.369994,1.362249,1.367054,1.367054,0
2021-01-14,1.364722,1.369319,1.361730,1.364927,1.364927,0
2021-01-15,1.368363,1.369788,1.357405,1.368363,1.368363,0
2021-01-18,1.357423,1.358991,1.352100,1.357534,1.357534,0
2021-01-19,1.358253,1.362788,1.358253,1.358124,1.358124,0
2021-01-20,1.364498,1.371460,1.362416,1.364424,1.364424,0
2021-01-21,1.366662,1.374533,1.366064,1.366848,1.366848,0
2021-01-22,1.373042,1.373740,1.363717,1.372947,1.372947,0
2021-01-25,1.368719,1.372288,1.365113,1.368820,1.368820,0
2021-01-26,1.367559,1.374419,1.361044,1.367899,1.367899,0
2021-01-27,1.374174,1.375989,1.366232,1.374155,1.374155,0
2021-01-28,1.367353,1.373268,1.363159,1.366942,1.366942,0
2021-01-29,1.372646,1.375119,1.365878,1.372501,1.372501,0
2021-02-01,1.369807,1.375686,1.365803,1.369769,1.369769,0
2021-02-02,1.367559,1.370952,1.361359,1.367877,1.367877,0
2021-02-03,1.366214,1.368232,1.362101,1.365934,1.365934,0
2021-02-04,1.365039,1.369863,1.357147,1.364908,1.364908,0
2021-02-05,1.367278,1.374004,1.366755,1.367615,1.367615,0
2021-02-08,1.373928,1.374986,1.368251,1.373872,1.373872,0
2021-02-09,1.374570,1.379881,1.374382,1.374570,1.374570,0
2021-02-10,1.381654,1.386599,1.380453,1.381799,1.381799,0
2021-02-11,1.383241,1.385617,1.381082,1.383260,1.383260,0
2021-02-12,1.381101,1.385675,1.377695,1.381025,1.381025,0
2021-02-15,1.387155,1.391971,1.386689,1.387155,1.387155,0
2021-02-16,1.391362,1.395148,1.387059,1.391479,1.391479,0
2021-02-17,1.388638,1.390260,1.383145,1.388812,1.388812,0
2021-02-18,1.386597,1.398445,1.384064,1.386636,1.386636,0
2021-02-19,1.396804,1.403509,1.395206,1.396746,1.396746,0
2021-02-22,1.402761,1.407598,1.398152,1.403115,1.403115,0
2021-02-23,1.407024,1.411472,1.405738,1.407123,1.407123,0
2021-02-24,1.412090,1.421707,1.408709,1.412031,1.412031,0
2021-02-25,1.414547,1.418218,1.410059,1.414827,1.414827,0
2021-02-26,1.400541,1.402013,1.389082,1.400815,1.400815,0
2021-03-01,1.397624,1.399972,1.390569,1.397253,1.397253,0
2021-03-02,1.392874,1.396219,1.385982,1.392952,1.392952,0
2021-03-03,1.395479,1.400325,1.392292,1.395498,1.395498,0
2021-03-04,1.392370,1.401110,1.391788,1.392699,1.392699,0
2021-03-05,1.389506,1.390530,1.378170,1.389410,1.389410,0
2021-03-08,1.384811,1.385999,1.380281,1.385368,1.385368,0
2021-03-09,1.382437,1.392118,1.380338,1.382361,1.382361,0
2021-03-10,1.388710,1.393417,1.384677,1.389043,1.389043,0
2021-03-11,1.393130,1.398054,1.392176,1.393146,1.393146,0
2021-03-12,1.398641,1.400403,1.386789,1.398993,1.398993,0
2021-03-15,1.393088,1.394895,1.385425,1.392952,1.392952,0
2021-03-16,1.390028,1.390125,1.381139,1.389912,1.389912,0
2021-03-17,1.390279,1.392699,1.386886,1.390221,1.390221,0
2021-03-18,1.397312,1.400050,1.389835,1.397585,1.397585,0
2021-03-19,1.392312,1.395654,1.383279,1.392506,1.392506,0
2021-03-22,1.383489,1.387521,1.381884,1.383260,1.383260,0
2021-03-23,1.386021,1.386309,1.375592,1.386251,1.386251,0
2021-03-24,1.373626,1.374249,1.367484,1.373042,1.373042,0
2021-03-25,1.369019,1.373909,1.367073,1.368888,1.368888,0
2021-03-26,1.374778,1.380987,1.374344,1.374911,1.374911,0
2021-03-29,1.378930,1.384658,1.375724,1.379101,1.379101,0
2021-03-30,1.377467,1.378360,1.370821,1.377505,1.377505,0
2021-03-31,1.374759,1.381025,1.371817,1.374665,1.374665,0
2021-04-01,1.378873,1.383700,1.374930,1.378626,1.378626,0
2021-04-02,1.383509,1.385425,1.381444,1.383509,1.383509,0
2021-04-05,1.382973,1.391382,1.381425,1.383126,1.383126,0
2021-04-06,1.391324,1.391982,1.381941,1.391401,1.391401,0
2021-04-07,1.383069,1.383968,1.373023,1.383126,1.383126,0
2021-04-08,1.374023,1.378360,1.372043,1.374382,1.374382,0
2021-04-09,1.373626,1.375327,1.367185,1.373438,1.373438,0
2021-04-12,1.370858,1.377714,1.367054,1.371215,1.371215,0
2021-04-13,1.375421,1.376900,1.370276,1.375383,1.375383,0
2021-04-14,1.376273,1.380891,1.375062,1.375970,1.375970,0
2021-04-15,1.377790,1.380891,1.376273,1.377923,1.377923,0
2021-04-16,1.378474,1.382762,1.371893,1.378550,1.378550,0
2021-04-19,1.381941,1.399189,1.381044,1.381845,1.381845,0
2021-04-20,1.399208,1.400953,1.393592,1.399384,1.399384,0
2021-04-21,1.393728,1.394895,1.388696,1.393884,1.393884,0
2021-04-22,1.393280,1.395089,1.382858,1.393185,1.393185,0
2021-04-23,1.384409,1.389661,1.383719,1.384026,1.384026,0
2021-04-26,1.386713,1.392932,1.386674,1.386636,1.386636,0
2021-04-27,1.389468,1.392350,1.385944,1.389564,1.389564,0
2021-04-28,1.390301,1.392195,1.386251,1.390356,1.390356,0
2021-04-29,1.395673,1.397585,1.393301,1.395673,1.395673,0
2021-04-30,1.395050,1.395868,1.381025,1.395284,1.395284,0
2021-05-03,1.381922,1.393107,1.380548,1.381979,1.381979,0
2021-05-04,1.390395,1.390627,1.384064,1.390376,1.390376,0
2021-05-05,1.388870,1.392641,1.387790,1.388812,1.388812,0
2021-05-06,1.391246,1.393825,1.386655,1.390975,1.390975,0
2021-05-07,1.389642,1.400070,1.389198,1.389854,1.389854,0
2021-05-10,1.403749,1.415769,1.401581,1.404120,1.404120,0
2021-05-11,1.413228,1.415789,1.410656,1.413128,1.413128,0
2021-05-12,1.413727,1.415027,1.407836,1.413827,1.413827,0
2021-05-13,1.406035,1.407935,1.400796,1.406371,1.406371,0
2021-05-14,1.404692,1.411034,1.403706,1.405086,1.405086,0
2021-05-17,1.410000,1.412829,1.407856,1.410179,1.410179,0
2021-05-18,1.414847,1.422050,1.414687,1.414867,1.414867,0
2021-05-19,1.419003,1.420200,1.413408,1.418802,1.418802,0
2021-05-20,1.410795,1.418138,1.410318,1.410616,1.410616,0
2021-05-21,1.418681,1.423346,1.415428,1.418560,1.418560,0
2021-05-24,1.414027,1.417133,1.411851,1.414287,1.414287,0
2021-05-25,1.415689,1.421040,1.411771,1.415609,1.415609,0
2021-05-26,1.414327,1.417635,1.411931,1.414387,1.414387,0
2021-05-27,1.411313,1.419487,1.409225,1.411612,1.411612,0
2021-05-28,1.420354,1.420656,1.413707,1.420374,1.420374,0
2021-05-31,1.418239,1.421686,1.416591,1.418037,1.418037,0
2021-06-01,1.422758,1.424725,1.415568,1.422678,1.422678,0
2021-06-02,1.415669,1.418440,1.411512,1.415709,1.415709,0
2021-06-03,1.417214,1.420192,1.409304,1.417193,1.417193,0
2021-06-04,1.411034,1.420051,1.408599,1.410994,1.410994,0
2021-06-07,1.416190,1.418399,1.411233,1.416431,1.416431,0
2021-06-08,1.417649,1.418641,1.412370,1.417656,1.417656,0
2021-06-09,1.414827,1.418842,1.411572,1.414988,1.414988,0
2021-06-10,1.411114,1.417053,1.407559,1.411233,1.411233,0
2021-06-11,1.417113,1.418641,1.410636,1.417013,1.417013,0
2021-06-14,1.412031,1.412429,1.407162,1.411931,1.411931,0
2021-06-15,1.411034,1.412848,1.403686,1.410994,1.410994,0
2021-06-16,1.408312,1.413228,1.407697,1.408153,1.408153,0
2021-06-17,1.398347,1.400953,1.391208,1.399071,1.399071,0
2021-06-18,1.393903,1.394506,1.379710,1.393864,1.393864,0
2021-06-21,1.381654,1.391982,1.378721,1.381712,1.381712,0
2021-06-22,1.392312,1.393049,1.386328,1.392540,1.392540,0
2021-06-23,1.394875,1.400168,1.392486,1.394992,1.394992,0
2021-06-24,1.396824,1.398660,1.389159,1.396746,1.396746,0
2021-06-25,1.391788,1.393728,1.389217,1.391692,1.391692,0
2021-06-28,1.389700,1.393922,1.387675,1.389506,1.389506,0
2021-06-29,1.387925,1.388118,1.381597,1.387906,1.387906,0
2021-06-30,1.384179,1.387155,1.380529,1.384275,1.384275,0
2021-07-01,1.382762,1.383317,1.376387,1.382915,1.382915,0
2021-07-02,1.375970,1.379767,1.373872,1.375951,1.375951,0
2021-07-05,1.382935,1.386386,1.381922,1.383126,1.383126,0
2021-07-06,1.385329,1.389854,1.378987,1.385617,1.385617,0
2021-07-07,1.380091,1.384050,1.375743,1.380567,1.380567,0
2021-07-08,1.379958,1.380281,1.374249,1.380110,1.380110,0
2021-07-09,1.379310,1.387732,1.376046,1.379082,1.379082,0
2021-07-12,1.389854,1.391014,1.384045,1.389951,1.389951,0
2021-07-13,1.388966,1.390627,1.380167,1.388696,1.388696,0
2021-07-14,1.380434,1.389101,1.380243,1.380605,1.380605,0
2021-07-15,1.385713,1.389758,1.381406,1.385809,1.385809,0
2021-07-16,1.382973,1.386194,1.377429,1.382973,1.382973,0
2021-07-19,1.376216,1.376292,1.366568,1.376387,1.376387,0
2021-07-20,1.366867,1.368869,1.357368,1.366998,1.366998,0
2021-07-21,1.363457,1.369488,1.359194,1.363327,1.363327,0
2021-07-22,1.371261,1.378759,1.369300,1.371404,1.371404,0
2021-07-23,1.377410,1.378094,1.372119,1.377390,1.377390,0
2021-07-26,1.375724,1.383298,1.373796,1.375781,1.375781,0
2021-07-27,1.382552,1.389275,1.376804,1.382915,1.382915,0
2021-07-28,1.388677,1.389661,1.384639,1.388272,1.388272,0
2021-07-29,1.390821,1.398210,1.389989,1.390685,1.390685,0
2021-07-30,1.396433,1.398406,1.389719,1.396433,1.396433,0
2021-08-02,1.389661,1.393340,1.388503,1.389622,1.389622,0
2021-08-03,1.389101,1.394000,1.388600,1.389275,1.389275,0
2021-08-04,1.391595,1.395693,1.390144,1.391788,1.391788,0
2021-08-05,1.389024,1.394758,1.387598,1.389043,1.389043,0
2021-08-06,1.392777,1.393320,1.386251,1.392758,1.392758,0
2021-08-09,1.386770,1.389352,1.384658,1.386847,1.386847,0
2021-08-10,1.384850,1.387059,1.383375,1.384907,1.384907,0
2021-08-11,1.383700,1.387213,1.380529,1.383604,1.383604,0
2021-08-12,1.386847,1.387809,1.382361,1.386693,1.386693,0
2021-08-13,1.381158,1.386213,1.379310,1.381158,1.381158,0
2021-08-16,1.386636,1.387424,1.382973,1.386386,1.386386,0
2021-08-17,1.384275,1.384275,1.373664,1.384275,1.384275,0
2021-08-18,1.374004,1.377031,1.373400,1.374042,1.374042,0
2021-08-19,1.374438,1.374967,1.365411,1.374382,1.374382,0
2021-08-20,1.363178,1.364257,1.360359,1.363085,1.363085,0
2021-08-23,1.362843,1.372006,1.362843,1.362528,1.362528,0
2021-08-24,1.372458,1.374759,1.369582,1.372476,1.372476,0
2021-08-25,1.372778,1.374287,1.369919,1.372552,1.372552,0
2021-08-26,1.376463,1.376955,1.371065,1.376652,1.376652,0
2021-08-27,1.369600,1.378094,1.368101,1.370238,1.370238,0
2021-08-30,1.376519,1.377676,1.373626,1.376300,1.376300,0
2021-08-31,1.376065,1.380434,1.374419,1.376046,1.376046,0
2021-09-01,1.375370,1.379824,1.373174,1.375340,1.375340,0
2021-09-02,1.377410,1.383585,1.376823,1.377164,1.377164,0
2021-09-03,1.383796,1.387463,1.381979,1.383681,1.383681,0
2021-09-06,1.385930,1.386001,1.381941,1.385925,1.385925,0
2021-09-07,1.384026,1.385694,1.377012,1.383949,1.383949,0
2021-09-08,1.377980,1.379120,1.372853,1.377980,1.377980,0
2021-09-09,1.376652,1.385406,1.375400,1.376766,1.376766,0
2021-09-10,1.383892,1.388889,1.383432,1.383968,1.383968,0
2021-09-13,1.384026,1.385233,1.379786,1.384083,1.384083,0
2021-09-14,1.384121,1.391324,1.383126,1.383815,1.383815,0
2021-09-15,1.380853,1.385195,1.379310,1.381025,1.381025,0
2021-09-16,1.384696,1.385042,1.376463,1.384888,1.384888,0
2021-09-17,1.379938,1.381406,1.374363,1.379701,1.379701,0
2021-09-20,1.372872,1.372985,1.364741,1.372966,1.372966,0
2021-09-21,1.366064,1.369357,1.364219,1.366270,1.366270,0
2021-09-22,1.365934,1.367802,1.361786,1.365747,1.365747,0
2021-09-23,1.362008,1.374949,1.361285,1.361711,1.361711,0
2021-09-24,1.372194,1.373770,1.365952,1.372250,1.372250,0
2021-09-27,1.366942,1.372872,1.365934,1.366904,1.366904,0
2021-09-28,1.370099,1.371780,1.352539,1.370163,1.370163,0
2021-09-29,1.354151,1.355454,1.342408,1.354224,1.354224,0
2021-09-30,1.342624,1.351717,1.341742,1.342642,1.342642,0
2021-10-01,1.346965,1.357349,1.343634,1.346983,1.346983,0
2021-10-04,1.357092,1.363977,1.353363,1.357092,1.357092,0
2021-10-05,1.360766,1.365001,1.358585,1.360748,1.360748,0
2021-10-06,1.362565,1.363141,1.354463,1.362769,1.362769,0
2021-10-07,1.359268,1.363736,1.357184,1.359213,1.359213,0
2021-10-08,1.361953,1.365374,1.358493,1.362027,1.362027,0
2021-10-11,1.361823,1.367428,1.361285,1.361656,1.361656,0
2021-10-12,1.359287,1.363736,1.357036,1.359065,1.359065,0
2021-10-13,1.357718,1.364759,1.357700,1.357884,1.357884,0
2021-10-14,1.367073,1.373438,1.365896,1.366923,1.366923,0
2021-10-15,1.366867,1.377354,1.366867,1.366886,1.366886,0
2021-10-18,1.376008,1.376406,1.371084,1.376159,1.376159,0
2021-10-19,1.373815,1.383200,1.373815,1.373645,1.373645,0
2021-10-20,1.379482,1.382361,1.374325,1.379320,1.379320,0
2021-10-21,1.382361,1.383399,1.378721,1.382300,1.382300,0
2021-10-22,1.379120,1.381425,1.374306,1.379120,1.379120,0
2021-10-25,1.376652,1.379177,1.374344,1.376273,1.376273,0
2021-10-26,1.376614,1.382954,1.375819,1.376444,1.376444,0
2021-10-27,1.376842,1.378037,1.371084,1.376614,1.376614,0
2021-10-28,1.373249,1.381521,1.372307,1.373287,1.373287,0
2021-10-29,1.380072,1.380453,1.368176,1.380072,1.380072,0
2021-11-01,1.368644,1.369244,1.364238,1.368326,1.368326,0
2021-11-02,1.365934,1.366718,1.361081,1.365542,1.365542,0
2021-11-03,1.361748,1.366456,1.361137,1.361739,1.361739,0
2021-11-04,1.369357,1.369469,1.347320,1.369488,1.369488,0
2021-11-05,1.350950,1.350986,1.342588,1.350860,1.350860,0
2021-11-08,1.348963,1.357976,1.345189,1.349127,1.349127,0
2021-11-09,1.356374,1.360544,1.352631,1.356451,1.356451,0
2021-11-10,1.356098,1.356668,1.346838,1.356000,1.356000,0
2021-11-11,1.341274,1.343274,1.337023,1.341274,1.341274,0
2021-11-12,1.336720,1.342282,1.335399,1.336648,1.336648,0
2021-11-15,1.341688,1.344954,1.340393,1.341706,1.341706,0
2021-11-16,1.341094,1.347346,1.341094,1.340842,1.340842,0
2021-11-17,1.342426,1.349018,1.340267,1.342462,1.342462,0
2021-11-18,1.348963,1.351390,1.346540,1.349164,1.349164,0
2021-11-19,1.349837,1.350986,1.340842,1.349965,1.349965,0
2021-11-22,1.343360,1.344990,1.339226,1.343454,1.343454,0
2021-11-23,1.339764,1.340842,1.334419,1.339764,1.339764,0
2021-11-24,1.337578,1.338975,1.332481,1.337596,1.337596,0
2021-11-25,1.333102,1.335301,1.330654,1.333067,1.333067,0
2021-11-26,1.331345,1.334846,1.328057,1.331416,1.331416,0
2021-11-29,1.333956,1.336309,1.329027,1.334098,1.334098,0
2021-11-30,1.331664,1.336934,1.320620,1.331505,1.331505,0
2021-12-01,1.329593,1.335113,1.327721,1.329593,1.329593,0
2021-12-02,1.327933,1.333262,1.327246,1.328000,1.328000,0
2021-12-03,1.330070,1.330814,1.321144,1.329999,1.329999,0
2021-12-06,1.323294,1.328551,1.322384,1.323732,1.323732,0
2021-12-07,1.326418,1.328974,1.321056,1.326436,1.326436,0
2021-12-08,1.324854,1.326260,1.317471,1.324609,1.324609,0
2021-12-09,1.321004,1.321702,1.317627,1.321004,1.321004,0
2021-12-10,1.322489,1.327105,1.319087,1.322401,1.322401,0
2021-12-13,1.325803,1.326876,1.322244,1.325715,1.325715,0
2021-12-14,1.321336,1.325557,1.319087,1.321353,1.321353,0
2021-12-15,1.323136,1.328286,1.320812,1.323051,1.323051,0
2021-12-16,1.326401,1.337327,1.324310,1.326313,1.326313,0
2021-12-17,1.332427,1.334045,1.325768,1.332374,1.332374,0
2021-12-20,1.322996,1.324345,1.317402,1.322944,1.322944,0
2021-12-21,1.320987,1.326119,1.319975,1.321000,1.321000,0
2021-12-22,1.326999,1.336237,1.324135,1.326964,1.326964,0
2021-12-23,1.335203,1.343725,1.334508,1.335203,1.335203,0
2021-12-24,1.340914,1.342570,1.339405,1.340662,1.340662,0
2021-12-27,1.340520,1.344070,1.339226,1.340430,1.340430,0
2021-12-28,1.344447,1.346257,1.341832,1.344267,1.344267,0
2021-12-29,1.343400,1.349928,1.340914,1.343328,1.343328,0
2021-12-30,1.349764,1.352155,1.345533,1.349879,1.349879,0
2021-12-31,1.349892,1.354848,1.346747,1.349837,1.349837,0
2022-01-03,1.352228,1.353180,1.343274,1.352228,1.352228,0
2022-01-04,1.348279,1.355675,1.346076,1.348327,1.348327,0
2022-01-05,1.353052,1.357331,1.352265,1.353143,1.353143,0
2022-01-06,1.355546,1.355748,1.349109,1.355565,1.355565,0
2022-01-07,1.353400,1.358345,1.352942,1.353363,1.353363,0
2022-01-10,1.359083,1.360193,1.353418,1.359231,1.359231,0
2022-01-11,1.358170,1.362416,1.356282,1.358031,1.358031,0
2022-01-12,1.363401,1.369938,1.362212,1.363327,1.363327,0
2022-01-13,1.370689,1.374949,1.370558,1.370999,1.370999,0
2022-01-14,1.371291,1.374193,1.366770,1.371366,1.371366,0
2022-01-17,1.367353,1.368899,1.363866,1.367353,1.367353,0
2022-01-18,1.364800,1.366120,1.357626,1.364800,1.364800,0
2022-01-19,1.360082,1.364815,1.358936,1.360026,1.360026,0
2022-01-20,1.360952,1.366158,1.360156,1.360859,1.360859,0
2022-01-21,1.360026,1.360359,1.354757,1.359767,1.359767,0
2022-01-24,1.355491,1.356668,1.344303,1.355583,1.355583,0
2022-01-25,1.348981,1.350056,1.343707,1.348927,1.348927,0
2022-01-26,1.351041,1.352448,1.349418,1.351078,1.351078,0
2022-01-27,1.346783,1.346783,1.336059,1.346801,1.346801,0
2022-01-28,1.338849,1.343201,1.336559,1.338832,1.338832,0
2022-01-31,1.340213,1.345424,1.339531,1.340339,1.340339,0
2022-02-01,1.344267,1.351406,1.343580,1.344538,1.344538,0
2022-02-02,1.352393,1.358493,1.351717,1.352539,1.352539,0
2022-02-03,1.356447,1.362546,1.353913,1.356502,1.356502,0
2022-02-04,1.359619,1.361656,1.350804,1.359841,1.359841,0
2022-02-07,1.353363,1.355032,1.349182,1.353345,1.353345,0
2022-02-08,1.353840,1.356668,1.350986,1.353781,1.353781,0
2022-02-09,1.354812,1.358825,1.353821,1.354757,1.354757,0
2022-02-10,1.353400,1.364331,1.352539,1.353327,1.353327,0
2022-02-11,1.354977,1.360878,1.351534,1.355179,1.355179,0
2022-02-14,1.357018,1.357220,1.349582,1.356963,1.356963,0
2022-02-15,1.353327,1.356686,1.349018,1.353290,1.353290,0
2022-02-16,1.354115,1.358991,1.353913,1.354115,1.354115,0
2022-02-17,1.358234,1.363643,1.355803,1.358493,1.358493,0
2022-02-18,1.361544,1.364070,1.357442,1.361878,1.361878,0
2022-02-21,1.359179,1.363829,1.358714,1.359342,1.359342,0
2022-02-22,1.359527,1.360544,1.354005,1.359601,1.359601,0
2022-02-23,1.359083,1.361953,1.354922,1.358936,1.358936,0
2022-02-24,1.354463,1.354738,1.327598,1.354573,1.354573,0
2022-02-25,1.337220,1.343905,1.336898,1.337327,1.337327,0
2022-02-28,1.337006,1.343111,1.334258,1.337327,1.337327,0
2022-03-01,1.342282,1.343725,1.331203,1.342282,1.342282,0
2022-03-02,1.333333,1.337095,1.327404,1.333511,1.333511,0
2022-03-03,1.339728,1.341796,1.332037,1.339692,1.339692,0
2022-03-04,1.335131,1.335131,1.320533,1.335096,1.335096,0
2022-03-07,1.321248,1.322594,1.310393,1.321248,1.321248,0
2022-03-08,1.311407,1.314285,1.308370,1.311230,1.311230,0
2022-03-09,1.310255,1.318235,1.309929,1.309929,1.309929,0
2022-03-10,1.318844,1.319470,1.310736,1.318565,1.318565,0
2022-03-11,1.310307,1.312491,1.305244,1.310324,1.310324,0
2022-03-14,1.304955,1.307873,1.301050,1.305030,1.305030,0
2022-03-15,1.301084,1.308866,1.300136,1.301185,1.301185,0
2022-03-16,1.304500,1.311441,1.303662,1.304649,1.304649,0
2022-03-17,1.314078,1.321109,1.308952,1.314112,1.314112,0
2022-03-18,1.316049,1.318166,1.311200,1.316041,1.316041,0
2022-03-21,1.316067,1.320987,1.312836,1.316084,1.316084,0
2022-03-22,1.316794,1.327246,1.312095,1.316829,1.316829,0
2022-03-23,1.326964,1.329893,1.317627,1.326647,1.326647,0
2022-03-24,1.320655,1.321475,1.315789,1.320603,1.320603,0
2022-03-25,1.319592,1.322559,1.316170,1.319575,1.319575,0
2022-03-28,1.317697,1.317888,1.306865,1.317627,1.317627,0
2022-03-29,1.309998,1.315928,1.305227,1.310358,1.310358,0
2022-03-30,1.309295,1.318061,1.309158,1.309380,1.309380,0
2022-03-31,1.313681,1.317089,1.310960,1.313888,1.313888,0
2022-04-01,1.314579,1.314613,1.308866,1.314700,1.314700,0
2022-04-04,1.310513,1.313629,1.309518,1.310376,1.310376,0
2022-04-05,1.311303,1.316690,1.310049,1.311458,1.311458,0
2022-04-06,1.307634,1.310685,1.304665,1.307737,1.307737,0
2022-04-07,1.307172,1.310668,1.305500,1.307207,1.307207,0
2022-04-08,1.306865,1.307873,1.298482,1.306933,1.306933,0
2022-04-11,1.302948,1.305756,1.298988,1.303220,1.303220,0
2022-04-12,1.302355,1.305364,1.299697,1.302423,1.302423,0
2022-04-13,1.300349,1.307155,1.297438,1.300255,1.300255,0
2022-04-14,1.312215,1.314752,1.303815,1.312026,1.312026,0
2022-04-15,1.306165,1.307668,1.305279,1.307002,1.307002,0
2022-04-18,1.305773,1.305773,1.300796,1.305756,1.305756,0
2022-04-19,1.300762,1.303985,1.298330,1.300982,1.300982,0
2022-04-20,1.301575,1.306677,1.299798,1.301372,1.301372,0
2022-04-21,1.306814,1.308832,1.302423,1.306882,1.306882,0
2022-04-22,1.302406,1.303373,1.284076,1.302626,1.302626,0
2022-04-25,1.282907,1.282972,1.269906,1.283088,1.283088,0
2022-04-26,1.273723,1.277237,1.261304,1.273999,1.273999,0
2022-04-27,1.258447,1.260081,1.250391,1.258400,1.258400,0
2022-04-28,1.253966,1.256676,1.241403,1.254186,1.254186,0
2022-04-29,1.246805,1.258352,1.246727,1.246385,1.246385,0
2022-05-02,1.257379,1.259636,1.250531,1.257387,1.257387,0
2022-05-03,1.250109,1.256644,1.249380,1.249828,1.249828,0
2022-05-04,1.249938,1.253761,1.246743,1.250041,1.250041,0
2022-05-05,1.261893,1.263169,1.232757,1.261814,1.261814,0
2022-05-06,1.236644,1.238022,1.227770,1.236415,1.236415,0
2022-05-09,1.232894,1.240495,1.226212,1.232666,1.232666,0
2022-05-10,1.233487,1.237471,1.229377,1.233882,1.233882,0
2022-05-11,1.230754,1.239803,1.228199,1.230921,1.230921,0
2022-05-12,1.223466,1.224815,1.217137,1.223421,1.223421,0
2022-05-13,1.220435,1.224515,1.215717,1.220614,1.220614,0
2022-05-16,1.226151,1.229725,1.221896,1.225851,1.225851,0
2022-05-17,1.232711,1.249812,1.232210,1.232483,1.232483,0
2022-05-18,1.249048,1.250062,1.237425,1.248439,1.248439,0
2022-05-19,1.234766,1.252270,1.234065,1.234583,1.234583,0
2022-05-20,1.246556,1.249875,1.243967,1.246215,1.246215,0
2022-05-23,1.250688,1.260112,1.250125,1.250406,1.250406,0
2022-05-24,1.256771,1.259684,1.247272,1.256755,1.256755,0
2022-05-25,1.254154,1.255792,1.248424,1.254296,1.254296,0
2022-05-26,1.258701,1.262116,1.255304,1.258610,1.258610,0
2022-05-27,1.261862,1.266624,1.258717,1.261734,1.261734,0
2022-05-30,1.262515,1.266031,1.261766,1.262834,1.262834,0
2022-05-31,1.264526,1.264846,1.256250,1.264702,1.264702,0
2022-06-01,1.260970,1.261686,1.246013,1.260891,1.260891,0
2022-06-02,1.248424,1.256960,1.247038,1.248315,1.248315,0
2022-06-03,1.257782,1.259002,1.249453,1.257925,1.257925,0
2022-06-06,1.248829,1.257703,1.247988,1.249230,1.249230,0
2022-06-07,1.252317,1.259446,1.243441,1.252348,1.252348,0
2022-06-08,1.258606,1.258986,1.251502,1.258732,1.258732,0
2022-06-09,1.254217,1.255398,1.249297,1.254029,1.254029,0
2022-06-10,1.249375,1.251815,1.231557,1.249297,1.249297,0
2022-06-13,1.227807,1.230012,1.212768,1.227491,1.227491,0
2022-06-14,1.214403,1.220271,1.199256,1.214477,1.214477,0
2022-06-15,1.201345,1.212533,1.199213,1.201259,1.201259,0
2022-06-16,1.218145,1.234492,1.205037,1.217434,1.217434,0
2022-06-17,1.235025,1.235025,1.217404,1.235483,1.235483,0
2022-06-20,1.222823,1.227777,1.220063,1.222823,1.222823,0
2022-06-21,1.225010,1.231922,1.224920,1.225175,1.225175,0
2022-06-22,1.226407,1.231467,1.216856,1.226663,1.226663,0
2022-06-23,1.225325,1.229468,1.217182,1.225085,1.225085,0
2022-06-24,1.226196,1.231679,1.224350,1.226076,1.226076,0
2022-06-27,1.228803,1.233076,1.223975,1.228245,1.228245,0
2022-06-28,1.226753,1.229105,1.218769,1.226738,1.226738,0
2022-06-29,1.218635,1.221225,1.210683,1.218977,1.218977,0
2022-06-30,1.213106,1.218621,1.209438,1.213180,1.213180,0
2022-07-01,1.215998,1.216205,1.198064,1.216086,1.216086,0
2022-07-04,1.210580,1.216515,1.208634,1.210273,1.210273,0
2022-07-05,1.211402,1.212606,1.190051,1.211446,1.211446,0
2022-07-06,1.194957,1.198638,1.187761,1.194914,1.194914,0
2022-07-07,1.191895,1.202183,1.191001,1.192321,1.192321,0
2022-07-08,1.203196,1.205531,1.192194,1.202805,1.202805,0
2022-07-11,1.201779,1.201995,1.186944,1.201663,1.201663,0
2022-07-12,1.189994,1.191214,1.181126,1.190094,1.190094,0
2022-07-13,1.188269,1.195943,1.183530,1.187775,1.187775,0
2022-07-14,1.186197,1.188411,1.176318,1.186380,1.186380,0
2022-07-15,1.183866,1.187366,1.180596,1.183964,1.183964,0
2022-07-18,1.188792,1.203022,1.187550,1.188834,1.188834,0
2022-07-19,1.195072,1.204282,1.192933,1.194829,1.194829,0
2022-07-20,1.200423,1.203659,1.195829,1.200351,1.200351,0
2022-07-21,1.196616,1.200235,1.189301,1.197175,1.197175,0
2022-07-22,1.199688,1.206418,1.192023,1.199616,1.199616,0
2022-07-25,1.198423,1.208313,1.196215,1.198696,1.198696,0
2022-07-26,1.205764,1.209219,1.196544,1.205516,1.205516,0
2022-07-27,1.203818,1.208664,1.202227,1.203688,1.203688,0
2022-07-28,1.216663,1.219051,1.210449,1.216308,1.216308,0
2022-07-29,1.217448,1.224260,1.206709,1.217345,1.217345,0
2022-08-01,1.216782,1.229196,1.216486,1.216737,1.216737,0
2022-08-02,1.225956,1.227838,1.218175,1.225415,1.225415,0
2022-08-03,1.214786,1.220733,1.210156,1.214300,1.214300,0
2022-08-04,1.213946,1.219512,1.207175,1.213828,1.213828,0
2022-08-05,1.215924,1.216752,1.200769,1.215850,1.215850,0
2022-08-08,1.206389,1.213519,1.204863,1.205953,1.205953,0
2022-08-09,1.208503,1.212930,1.206826,1.208474,1.208474,0
2022-08-10,1.207263,1.227446,1.206724,1.207423,1.207423,0
2022-08-11,1.221285,1.224890,1.218294,1.221300,1.221300,0
2022-08-12,1.219661,1.221001,1.210361,1.219616,1.219616,0
2022-08-15,1.212989,1.214772,1.205124,1.212797,1.212797,0
2022-08-16,1.205560,1.211637,1.200942,1.205691,1.205691,0
2022-08-17,1.209673,1.213813,1.202993,1.209819,1.209819,0
2022-08-18,1.204587,1.207817,1.196888,1.204515,1.204515,0
2022-08-19,1.193374,1.193374,1.179329,1.193275,1.193275,0
2022-08-22,1.181768,1.183852,1.174260,1.181810,1.181810,0
2022-08-23,1.176706,1.187324,1.172003,1.176651,1.176651,0
2022-08-24,1.183152,1.186535,1.175876,1.183278,1.183278,0
2022-08-25,1.179023,1.186296,1.178592,1.179176,1.179176,0
2022-08-26,1.182592,1.190009,1.175309,1.182401,1.182401,0
2022-08-29,1.169180,1.174260,1.164958,1.169454,1.169454,0
2022-08-30,1.172127,1.175807,1.162304,1.172251,1.172251,0
2022-08-31,1.166086,1.169454,1.160025,1.165977,1.165977,0
2022-09-01,1.159689,1.161710,1.150324,1.159851,1.159851,0
2022-09-02,1.154734,1.158856,1.153136,1.154894,1.154894,0
2022-09-05,1.147855,1.152074,1.144518,1.147460,1.147460,0
2022-09-06,1.156885,1.160766,1.149624,1.156644,1.156644,0
2022-09-07,1.151278,1.152366,1.140953,1.151185,1.151185,0
2022-09-08,1.152246,1.156016,1.146158,1.151981,1.151981,0
2022-09-09,1.152047,1.164863,1.151662,1.152160,1.152160,0
2022-09-12,1.161805,1.171125,1.160174,1.161940,1.161940,0
2022-09-13,1.168975,1.173764,1.152034,1.168975,1.168975,0
2022-09-14,1.150351,1.158937,1.148079,1.150616,1.150616,0
2022-09-15,1.154294,1.154868,1.146986,1.154494,1.154494,0
2022-09-16,1.145475,1.148066,1.135267,1.145265,1.145265,0
2022-09-19,1.143641,1.144165,1.135576,1.143314,1.143314,0
2022-09-20,1.144846,1.146040,1.138395,1.144322,1.144322,0
2022-09-21,1.138071,1.138563,1.130621,1.138058,1.138058,0
2022-09-22,1.125518,1.136286,1.121315,1.125594,1.125594,0
2022-09-23,1.126304,1.127345,1.089859,1.126418,1.126418,0
2022-09-26,1.079914,1.091560,1.037904,1.079739,1.079739,0
2022-09-27,1.077006,1.083541,1.073849,1.077284,1.077284,0
2022-09-28,1.072846,1.083964,1.054163,1.072754,1.072754,0
2022-09-29,1.083459,1.106562,1.076449,1.083600,1.083600,0
2022-09-30,1.116184,1.123394,1.102682,1.116944,1.116944,0
2022-10-03,1.113648,1.133234,1.108795,1.114057,1.114057,0
2022-10-04,1.133967,1.144597,1.128222,1.133414,1.133414,0
2022-10-05,1.145056,1.149491,1.122776,1.145134,1.145134,0
2022-10-06,1.135589,1.138343,1.112038,1.135538,1.135538,0
2022-10-07,1.116520,1.122372,1.109201,1.116208,1.116208,0
2022-10-10,1.107444,1.111086,1.102354,1.107273,1.107273,0
2022-10-11,1.107849,1.117131,1.100183,1.107641,1.107641,0
2022-10-12,1.096780,1.109866,1.092645,1.096780,1.096780,0
2022-10-13,1.109927,1.136196,1.105828,1.110556,1.110556,0
2022-10-14,1.130148,1.135873,1.116196,1.130391,1.130391,0
2022-10-17,1.123873,1.143864,1.121705,1.124417,1.124417,0
2022-10-18,1.135525,1.141201,1.125809,1.135396,1.135396,0
2022-10-19,1.133954,1.134984,1.122246,1.134430,1.134430,0
2022-10-20,1.120951,1.133324,1.117368,1.121101,1.121101,0
2022-10-21,1.122536,1.129318,1.106378,1.122146,1.122146,0
2022-10-24,1.133645,1.137980,1.127485,1.134469,1.134469,0
2022-10-25,1.130544,1.149954,1.127370,1.130774,1.130774,0
2022-10-26,1.146066,1.162358,1.143419,1.146224,1.146224,0
2022-10-27,1.163345,1.164415,1.155095,1.163819,1.163819,0
2022-10-28,1.156738,1.160012,1.150616,1.156604,1.156604,0
2022-10-31,1.160079,1.161332,1.147987,1.159595,1.159595,0
2022-11-01,1.147184,1.156524,1.144675,1.146815,1.146815,0
2022-11-02,1.149214,1.152738,1.145856,1.148950,1.148950,0
2022-11-03,1.138226,1.142178,1.116258,1.138433,1.138433,0
2022-11-04,1.117081,1.133376,1.116333,1.117119,1.117119,0
2022-11-07,1.133787,1.148317,1.129535,1.133157,1.133157,0
2022-11-08,1.151344,1.159757,1.143131,1.151795,1.151795,0
2022-11-09,1.154881,1.156685,1.135925,1.155268,1.155268,0
2022-11-10,1.136906,1.168279,1.136506,1.136816,1.136816,0
2022-11-11,1.169919,1.179997,1.164890,1.169563,1.169563,0
2022-11-14,1.179746,1.182830,1.171193,1.179913,1.179913,0
2022-11-15,1.175254,1.200408,1.174288,1.175250,1.175250,0
2022-11-16,1.188114,1.194144,1.183250,1.188044,1.188044,0
2022-11-17,1.191895,1.195572,1.176471,1.191526,1.191526,0
2022-11-18,1.185944,1.195000,1.185930,1.186015,1.186015,0
2022-11-21,1.188665,1.188764,1.178051,1.188637,1.188637,0
2022-11-22,1.182452,1.190221,1.182313,1.182760,1.182760,0
2022-11-23,1.189895,1.207832,1.187338,1.189457,1.189457,0
2022-11-24,1.207846,1.215421,1.206054,1.207350,1.207350,0
2022-11-25,1.211020,1.213001,1.206185,1.211343,1.211343,0
2022-11-28,1.206054,1.211798,1.202270,1.205473,1.205473,0
2022-11-29,1.196315,1.206374,1.195486,1.196029,1.196029,0
2022-11-30,1.194386,1.202747,1.190377,1.194686,1.194686,0
2022-12-01,1.207554,1.229695,1.207365,1.207750,1.207750,0
2022-12-02,1.225445,1.229649,1.213916,1.225926,1.225926,0
2022-12-05,1.229755,1.234476,1.216545,1.229725,1.229725,0
2022-12-06,1.219363,1.226332,1.215894,1.219245,1.219245,0
2022-12-07,1.213386,1.222374,1.210786,1.213301,1.213301,0
2022-12-08,1.221344,1.224665,1.215643,1.221240,1.221240,0
2022-12-09,1.223481,1.232347,1.222285,1.223601,1.223601,0
2022-12-12,1.223676,1.230012,1.221344,1.223915,1.223915,0
2022-12-13,1.227009,1.244153,1.225145,1.227084,1.227084,0
2022-12-14,1.235559,1.242205,1.234385,1.235666,1.235666,0
2022-12-15,1.241928,1.242545,1.220435,1.241943,1.241943,0
2022-12-16,1.219126,1.222255,1.212239,1.218918,1.218918,0
2022-12-19,1.216072,1.224155,1.212342,1.216027,1.216027,0
2022-12-20,1.215600,1.221926,1.208693,1.215333,1.215333,0
2022-12-21,1.218918,1.219036,1.207103,1.218918,1.218918,0
2022-12-22,1.207729,1.214624,1.199429,1.207740,1.207740,0
2022-12-23,1.203891,1.209014,1.202053,1.203992,1.203992,0
2022-12-26,1.206001,1.209614,1.205400,1.206001,1.206001,0
2022-12-27,1.208357,1.211226,1.200336,1.208415,1.208415,0
2022-12-28,1.202776,1.212415,1.200336,1.202733,1.202733,0
2022-12-29,1.203297,1.207584,1.201548,1.202848,1.202848,0
2022-12-30,1.205662,1.210683,1.201273,1.205633,1.205633,0
2023-01-02,1.212018,1.212342,1.203761,1.212033,1.212033,0
2023-01-03,1.206404,1.209000,1.190377,1.206287,1.206287,0
2023-01-04,1.196774,1.208664,1.196774,1.196974,1.196974,0
2023-01-05,1.205269,1.207817,1.187804,1.205705,1.205705,0
2023-01-06,1.191029,1.206753,1.184455,1.191228,1.191228,0
2023-01-09,1.212077,1.220733,1.209526,1.211637,1.211637,0
2023-01-10,1.218472,1.219810,1.211255,1.218487,1.218487,0
2023-01-11,1.215451,1.217789,1.210185,1.215451,1.215451,0
2023-01-12,1.216012,1.223736,1.209716,1.215953,1.215953,0
2023-01-13,1.221643,1.224695,1.215185,1.221777,1.221777,0
2023-01-16,1.222464,1.228864,1.217434,1.222673,1.222673,0
2023-01-17,1.220882,1.229982,1.217063,1.220778,1.220778,0
2023-01-18,1.228365,1.243317,1.225655,1.228471,1.228471,0
2023-01-19,1.234675,1.237547,1.231391,1.234766,1.234766,0
2023-01-20,1.239203,1.239999,1.233654,1.239326,1.239326,0
2023-01-23,1.240726,1.244927,1.232468,1.240633,1.240633,0
2023-01-24,1.237930,1.241372,1.226497,1.237976,1.237976,0
2023-01-25,1.233243,1.239910,1.228562,1.232924,1.232924,0
2023-01-26,1.241157,1.243085,1.234598,1.241249,1.241249,0
2023-01-27,1.241496,1.241928,1.234812,1.241527,1.241527,0
2023-01-30,1.240125,1.241758,1.236874,1.240030,1.240030,0
2023-01-31,1.235224,1.237011,1.228637,1.235361,1.235361,0
2023-02-01,1.230784,1.234720,1.230315,1.230890,1.230890,0
2023-02-02,1.238866,1.240187,1.224065,1.239004,1.239004,0
2023-02-03,1.222195,1.226618,1.206578,1.222300,1.222300,0
2023-02-06,1.204456,1.207846,1.200639,1.204515,1.204515,0
2023-02-07,1.202718,1.206001,1.196315,1.202675,1.202675,0
2023-02-08,1.205473,1.211035,1.203963,1.205458,1.205458,0
2023-02-09,1.207292,1.219245,1.205778,1.207146,1.207146,0
2023-02-10,1.211666,1.213843,1.206040,1.211681,1.211681,0
2023-02-13,1.205124,1.214373,1.203254,1.205226,1.205226,0
2023-02-14,1.215126,1.225700,1.212106,1.215214,1.215214,0
2023-02-15,1.217478,1.218145,1.199113,1.217434,1.217434,0
2023-02-16,1.204181,1.207394,1.196716,1.203978,1.203978,0
2023-02-17,1.197461,1.203138,1.191682,1.197533,1.197533,0
2023-02-20,1.202834,1.205647,1.201548,1.202979,1.202979,0
2023-02-21,1.203717,1.214388,1.199127,1.203920,1.203920,0
2023-02-22,1.210991,1.213563,1.205851,1.210932,1.210932,0
2023-02-23,1.204906,1.207540,1.201345,1.204993,1.204993,0
2023-02-24,1.201735,1.204065,1.193147,1.201779,1.201779,0
2023-02-27,1.195114,1.205691,1.192321,1.195243,1.195243,0
2023-02-28,1.206302,1.214255,1.202762,1.206156,1.206156,0
2023-03-01,1.203138,1.208824,1.196688,1.203355,1.203355,0
2023-03-02,1.203036,1.203630,1.192762,1.202993,1.202993,0
2023-03-03,1.195043,1.201880,1.194929,1.195157,1.195157,0
2023-03-06,1.203051,1.204805,1.199443,1.202848,1.202848,0
2023-03-07,1.202675,1.206404,1.185255,1.202646,1.202646,0
2023-03-08,1.182942,1.185789,1.180791,1.182774,1.182774,0
2023-03-09,1.184946,1.193545,1.183376,1.185017,1.185017,0
2023-03-10,1.192393,1.210976,1.191157,1.192250,1.192250,0
2023-03-13,1.207715,1.217612,1.205153,1.207934,1.207934,0
2023-03-14,1.216811,1.220212,1.214152,1.217137,1.217137,0
2023-03-15,1.215200,1.218145,1.201909,1.215214,1.215214,0
2023-03-16,1.206826,1.211666,1.202935,1.206928,1.206928,0
2023-03-17,1.211180,1.217656,1.210317,1.211050,1.211050,0
2023-03-20,1.218814,1.226512,1.216811,1.218769,1.218769,0
2023-03-21,1.227476,1.228184,1.218294,1.227626,1.227626,0
2023-03-22,1.222584,1.229574,1.220927,1.222509,1.222509,0
2023-03-23,1.227868,1.234263,1.226663,1.227973,1.227973,0
2023-03-24,1.227943,1.228999,1.219230,1.228154,1.228154,0
2023-03-27,1.224185,1.229105,1.221986,1.224600,1.224600,0
2023-03-28,1.229725,1.234903,1.228199,1.229755,1.229755,0
2023-03-29,1.233624,1.236002,1.230500,1.233046,1.233046,0
2023-03-30,1.231118,1.238359,1.229543,1.231360,1.231360,0
2023-03-31,1.238728,1.242267,1.234507,1.238728,1.238728,0
2023-04-03,1.228894,1.242005,1.227687,1.228697,1.228697,0
2023-04-04,1.242097,1.252035,1.239634,1.242313,1.242313,0
2023-04-05,1.249953,1.251470,1.243626,1.249844,1.249844,0
2023-04-06,1.246479,1.248626,1.241434,1.246308,1.246308,0
2023-04-07,1.244106,1.245625,1.239434,1.243900,1.243900,0
2023-04-10,1.243456,1.244276,1.234873,1.243163,1.243163,0
2023-04-11,1.239511,1.245733,1.238774,1.239219,1.239219,0
2023-04-12,1.243008,1.248346,1.239956,1.243101,1.243101,0
2023-04-13,1.249141,1.253667,1.247988,1.249266,1.249266,0
2023-04-14,1.252317,1.254705,1.241434,1.252530,1.252530,0
2023-04-17,1.240202,1.243936,1.235498,1.240018,1.240018,0
2023-04-18,1.237425,1.244973,1.236812,1.237547,1.237547,0
2023-04-19,1.242962,1.247334,1.239357,1.242545,1.242545,0
2023-04-20,1.242885,1.246634,1.240633,1.242885,1.242885,0
2023-04-21,1.243936,1.244710,1.237042,1.244091,1.244091,0
2023-04-24,1.244834,1.246836,1.241357,1.244973,1.244973,0
2023-04-25,1.249953,1.250688,1.238850,1.250000,1.250000,0
2023-04-26,1.241619,1.251157,1.240356,1.241480,1.241480,0
2023-04-27,1.247147,1.249375,1.243874,1.247147,1.247147,0
2023-04-28,1.250062,1.258131,1.244865,1.249750,1.249750,0
2023-05-01,1.255840,1.257000,1.248954,1.255761,1.255761,0
2023-05-02,1.248736,1.251220,1.243657,1.248595,1.248595,0
2023-05-03,1.247972,1.255209,1.246961,1.247661,1.247661,0
2023-05-04,1.256866,1.259684,1.255225,1.256897,1.256897,0
2023-05-05,1.258257,1.265102,1.256597,1.258336,1.258336,0
2023-05-08,1.263105,1.266945,1.262818,1.263057,1.263057,0
2023-05-09,1.261273,1.263919,1.258052,1.261273,1.261273,0
2023-05-10,1.262563,1.267909,1.260414,1.262467,1.262467,0
2023-05-11,1.262897,1.264063,1.249984,1.262700,1.262700,0
2023-05-12,1.251016,1.254092,1.245951,1.250813,1.250813,0
2023-05-15,1.245377,1.252536,1.244555,1.245097,1.245097,0
2023-05-16,1.252599,1.254579,1.246681,1.252521,1.252521,0
2023-05-17,1.248704,1.249407,1.242205,1.248439,1.248439,0
2023-05-18,1.248253,1.249375,1.240064,1.248281,1.248281,0
2023-05-19,1.241311,1.247863,1.239388,1.241234,1.241234,0
2023-05-22,1.246121,1.247256,1.241496,1.246106,1.246106,0
2023-05-23,1.243595,1.244694,1.237333,1.243441,1.243441,0
2023-05-24,1.241850,1.246417,1.235804,1.241727,1.241727,0
2023-05-25,1.236843,1.238590,1.231906,1.237103,1.237103,0
2023-05-26,1.231906,1.239434,1.231224,1.231830,1.231830,0
2023-05-29,1.234598,1.237317,1.233669,1.234690,1.234690,0
2023-05-30,1.234736,1.244524,1.232848,1.234934,1.234934,0
2023-05-31,1.241465,1.242514,1.234903,1.241188,1.241188,0
2023-06-01,1.244555,1.253698,1.240325,1.244694,1.244694,0
2023-06-02,1.252960,1.254519,1.245811,1.252599,1.252599,0
2023-06-05,1.242993,1.244091,1.236965,1.243024,1.243024,0
2023-06-06,1.243286,1.245842,1.239357,1.243317,1.243317,0
2023-06-07,1.243147,1.249969,1.239618,1.242854,1.242854,0
2023-06-08,1.244725,1.255713,1.244199,1.244586,1.244586,0
2023-06-09,1.255887,1.259129,1.253573,1.255950,1.255950,0
2023-06-12,1.257814,1.259938,1.248798,1.258099,1.258099,0
2023-06-13,1.251486,1.261957,1.251486,1.251533,1.251533,0
2023-06-14,1.260716,1.269986,1.260081,1.260684,1.260684,0
2023-06-15,1.267154,1.276536,1.263105,1.267090,1.267090,0
2023-06-16,1.278625,1.284769,1.276895,1.278576,1.278576,0
2023-06-19,1.283368,1.284000,1.278658,1.283038,1.283038,0
2023-06-20,1.279492,1.280574,1.271520,1.279476,1.279476,0
2023-06-21,1.276471,1.279787,1.269359,1.276536,1.276536,0
2023-06-22,1.277123,1.281723,1.273026,1.277205,1.277205,0
2023-06-23,1.274519,1.275050,1.269197,1.274714,1.274714,0
2023-06-26,1.273253,1.274827,1.268971,1.272961,1.272961,0
2023-06-27,1.270923,1.275917,1.270487,1.271197,1.271197,0
2023-06-28,1.274454,1.275136,1.260827,1.274470,1.274470,0
2023-06-29,1.264127,1.266592,1.259256,1.264254,1.264254,0
2023-06-30,1.261495,1.272621,1.260144,1.261464,1.261464,0
2023-07-03,1.269358,1.271941,1.266031,1.269325,1.269325,0
2023-07-04,1.269036,1.273642,1.268472,1.269293,1.269293,0
2023-07-05,1.272087,1.273415,1.268923,1.271763,1.271763,0
2023-07-06,1.270632,1.278037,1.267620,1.270454,1.270454,0
2023-07-07,1.274226,1.284010,1.272718,1.274275,1.274275,0
2023-07-10,1.283862,1.283862,1.275266,1.283895,1.283895,0
2023-07-11,1.286323,1.293326,1.285975,1.286471,1.286471,0
2023-07-12,1.293494,1.300221,1.290506,1.293477,1.293477,0
2023-07-13,1.299798,1.311338,1.299022,1.299630,1.299630,0
2023-07-14,1.313146,1.314233,1.309518,1.312853,1.312853,0
2023-07-17,1.309123,1.310719,1.305449,1.309020,1.309020,0
2023-07-18,1.307087,1.312456,1.305125,1.307172,1.307172,0
2023-07-19,1.303509,1.303951,1.287167,1.303509,1.303509,0
2023-07-20,1.293979,1.296512,1.284192,1.293979,1.293979,0
2023-07-21,1.286968,1.290389,1.281788,1.287233,1.287233,0
2023-07-24,1.285182,1.288344,1.279918,1.285347,1.285347,0
2023-07-25,1.281246,1.287730,1.281066,1.281263,1.281263,0
2023-07-26,1.289341,1.293628,1.287614,1.289391,1.289391,0
2023-07-27,1.292858,1.299545,1.282726,1.292725,1.292725,0
2023-07-28,1.279427,1.288527,1.276471,1.279378,1.279378,0
2023-07-31,1.285380,1.287333,1.282956,1.285397,1.285397,0
2023-08-01,1.283203,1.283862,1.274161,1.283401,1.283401,0
2023-08-02,1.279116,1.279738,1.268183,1.279574,1.279574,0
2023-08-03,1.271763,1.272848,1.262594,1.272038,1.272038,0
2023-08-04,1.271617,1.278266,1.269164,1.271634,1.271634,0
2023-08-07,1.275120,1.278609,1.271391,1.274795,1.274795,0
2023-08-08,1.278593,1.278593,1.268585,1.278200,1.278200,0
2023-08-09,1.274437,1.277841,1.271246,1.274161,1.274161,0
2023-08-10,1.271892,1.281132,1.271084,1.272006,1.272006,0
2023-08-11,1.266624,1.273707,1.266624,1.267009,1.267009,0
2023-08-14,1.269503,1.271634,1.261909,1.269503,1.269503,0
2023-08-15,1.268617,1.275266,1.267700,1.268520,1.268520,0
2023-08-16,1.270019,1.276585,1.268842,1.270132,1.270132,0
2023-08-17,1.272702,1.278674,1.270519,1.272815,1.272815,0
2023-08-18,1.274795,1.276634,1.269084,1.275022,1.275022,0
2023-08-21,1.274177,1.276503,1.271100,1.274194,1.274194,0
2023-08-22,1.276129,1.280098,1.272103,1.276080,1.276080,0
2023-08-23,1.273172,1.276406,1.261639,1.273156,1.273156,0
2023-08-24,1.272087,1.272896,1.262945,1.272054,1.272054,0
2023-08-25,1.259335,1.264702,1.254878,1.259287,1.259287,0
2023-08-28,1.259192,1.261066,1.256739,1.258970,1.258970,0
2023-08-29,1.261300,1.263568,1.256392,1.261114,1.261114,0
2023-08-30,1.263903,1.274372,1.262005,1.263679,1.263679,0
2023-08-31,1.271310,1.273463,1.265438,1.271179,1.271179,0
2023-09-01,1.267138,1.271003,1.259049,1.267283,1.267283,0
2023-09-04,1.259129,1.264350,1.258907,1.259145,1.259145,0
2023-09-05,1.262626,1.263185,1.252944,1.262307,1.262307,0
2023-09-06,1.256834,1.258827,1.248486,1.257055,1.257055,0
2023-09-07,1.249953,1.250797,1.244865,1.249875,1.249875,0
2023-09-08,1.247552,1.251314,1.246883,1.247505,1.247505,0
2023-09-11,1.248907,1.254752,1.248377,1.248999,1.248999,0
2023-09-12,1.250750,1.252176,1.246075,1.250876,1.250876,0
2023-09-13,1.249531,1.251157,1.244245,1.249172,1.249172,0
2023-09-14,1.248767,1.250704,1.240341,1.248954,1.248954,0
2023-09-15,1.240049,1.244555,1.238651,1.240187,1.240187,0
2023-09-18,1.239757,1.241034,1.237118,1.239757,1.239757,0
2023-09-19,1.238605,1.242437,1.237180,1.238375,1.238375,0
2023-09-20,1.239342,1.240941,1.233715,1.239357,1.239357,0
2023-09-21,1.232757,1.233167,1.224800,1.232894,1.232894,0
2023-09-22,1.229211,1.229226,1.223436,1.229423,1.229423,0
2023-09-25,1.224275,1.225190,1.219602,1.224185,1.224185,0
2023-09-26,1.221434,1.221523,1.216086,1.221314,1.221314,0
2023-09-27,1.214654,1.216427,1.212959,1.214683,1.214683,0
2023-09-28,1.213725,1.222345,1.212121,1.213533,1.213533,0
2023-09-29,1.220852,1.227144,1.218249,1.220480,1.220480,0
2023-10-02,1.219111,1.221956,1.211637,1.219304,1.219304,0
2023-10-03,1.208883,1.210097,1.205458,1.209117,1.209117,0
2023-10-04,1.207846,1.217597,1.204253,1.207846,1.207846,0
2023-10-05,1.213651,1.217389,1.210903,1.213740,1.213740,0
2023-10-06,1.218873,1.226076,1.210771,1.218769,1.218769,0
2023-10-09,1.222195,1.222434,1.216427,1.222090,1.222090,0
2023-10-10,1.225250,1.228773,1.221329,1.225040,1.225040,0
2023-10-11,1.229196,1.233608,1.227054,1.229136,1.229136,0
2023-10-12,1.231694,1.233076,1.220718,1.231633,1.231633,0
2023-10-13,1.218398,1.222345,1.213268,1.218324,1.218324,0
2023-10-16,1.215480,1.219959,1.214432,1.215377,1.215377,0
2023-10-17,1.221255,1.221687,1.213474,1.221150,1.221150,0
2023-10-18,1.217804,1.221165,1.214034,1.217878,1.217878,0
2023-10-19,1.214359,1.215894,1.209278,1.214344,1.214344,0
2023-10-20,1.213725,1.216027,1.209482,1.213725,1.213725,0
2023-10-23,1.216382,1.223616,1.214329,1.216397,1.216397,0
2023-10-24,1.225145,1.228833,1.215953,1.225025,1.225025,0
2023-10-25,1.216323,1.217730,1.211563,1.216190,1.216190,0
2023-10-26,1.210214,1.213195,1.207044,1.210346,1.210346,0
2023-10-27,1.213607,1.216175,1.210654,1.213710,1.213710,0
2023-10-30,1.211314,1.216589,1.209263,1.211372,1.211372,0
2023-10-31,1.216520,1.219929,1.212004,1.216575,1.216575,0
2023-11-01,1.215126,1.216515,1.209775,1.215214,1.215214,0
2023-11-02,1.218428,1.222419,1.215643,1.218220,1.218220,0
2023-11-03,1.219096,1.237455,1.218546,1.219185,1.219185,0
2023-11-06,1.237226,1.242946,1.236690,1.237379,1.237379,0
2023-11-07,1.234446,1.234760,1.227717,1.234553,1.234553,0
2023-11-08,1.229015,1.230133,1.224335,1.229181,1.229181,0
2023-11-09,1.228607,1.230921,1.225385,1.228501,1.228501,0
2023-11-10,1.221598,1.223825,1.218903,1.221702,1.221702,0
2023-11-13,1.223032,1.227175,1.222464,1.222823,1.222823,0
2023-11-14,1.228034,1.248798,1.226542,1.228064,1.228064,0
2023-11-15,1.249407,1.249922,1.240572,1.249453,1.249453,0
2023-11-16,1.242375,1.245516,1.237823,1.242236,1.242236,0
2023-11-17,1.241573,1.244245,1.237593,1.241496,1.241496,0
2023-11-20,1.245407,1.251016,1.244679,1.245454,1.245454,0
2023-11-21,1.250907,1.255840,1.250578,1.250907,1.250907,0
2023-11-22,1.254548,1.254878,1.244927,1.254422,1.254422,0
2023-11-23,1.249110,1.256281,1.248985,1.249001,1.249001,0
2023-11-24,1.253290,1.261670,1.252536,1.253353,1.253353,0
2023-11-27,1.260097,1.264414,1.259208,1.260033,1.260033,0
2023-11-28,1.263568,1.271407,1.260827,1.263440,1.263440,0
2023-11-29,1.271343,1.273253,1.266641,1.271230,1.271230,0
2023-11-30,1.269583,1.271003,1.260557,1.269640,1.269640,0
2023-12-01,1.263185,1.268971,1.261607,1.263169,1.263169,0
2023-12-04,1.271213,1.271278,1.260573,1.271310,1.271310,0
2023-12-05,1.263408,1.265054,1.258336,1.263408,1.263408,0
2023-12-06,1.259493,1.261384,1.258178,1.259446,1.259446,0
2023-12-07,1.255800,1.259382,1.254548,1.255871,1.255871,0
2023-12-08,1.258810,1.260112,1.250469,1.258954,1.258954,0
2023-12-11,1.255745,1.259129,1.253588,1.255477,1.255477,0
2023-12-12,1.255414,1.260843,1.251862,1.255461,1.255461,0
2023-12-13,1.256970,1.257071,1.250625,1.257071,1.257071,0
2023-12-14,1.262164,1.277906,1.261416,1.262292,1.262292,0
2023-12-15,1.277107,1.279100,1.268553,1.277139,1.277139,0
2023-12-18,1.267283,1.270357,1.263057,1.267234,1.267234,0
2023-12-19,1.265342,1.276145,1.265022,1.265182,1.265182,0
2023-12-20,1.273075,1.273107,1.263280,1.273269,1.273269,0
2023-12-21,1.264063,1.269213,1.261479,1.264127,1.264127,0
2023-12-22,1.268617,1.274535,1.268070,1.268499,1.268499,0
2023-12-25,1.267700,1.274665,1.267700,1.267700,1.267700,0
2023-12-26,1.270487,1.271941,1.268553,1.270487,1.270487,0
2023-12-27,1.272831,1.280115,1.270051,1.272718,1.272718,0
2023-12-28,1.280229,1.282676,1.274015,1.280082,1.280082,0
2023-12-29,1.273545,1.277253,1.270277,1.273399,1.273399,0
2024-01-01,1.273000,1.273300,1.269358,1.273000,1.273000,0
2024-01-02,1.272848,1.276064,1.261241,1.272880,1.272880,0
2024-01-03,1.262371,1.265246,1.261830,1.262307,1.262307,0
2024-01-04,1.267524,1.272815,1.265791,1.267427,1.267427,0
2024-01-05,1.268215,1.277009,1.261289,1.268408,1.268408,0
2024-01-08,1.271698,1.276503,1.267507,1.271779,1.271779,0
2024-01-09,1.274194,1.276503,1.269164,1.274519,1.274519,0
2024-01-10,1.271456,1.274210,1.268730,1.271294,1.271294,0
2024-01-11,1.274519,1.277465,1.269100,1.274519,1.274519,0
2024-01-12,1.277955,1.278462,1.272135,1.277776,1.277776,0
2024-01-15,1.273642,1.274015,1.271423,1.273658,1.273658,0
2024-01-16,1.271715,1.271715,1.262100,1.271617,1.271617,0
2024-01-17,1.263920,1.269551,1.259747,1.263855,1.263855,0
2024-01-18,1.267765,1.270487,1.265054,1.267684,1.267684,0
2024-01-19,1.271197,1.271617,1.266320,1.270987,1.270987,0
2024-01-22,1.270083,1.273075,1.268826,1.269986,1.269986,0
2024-01-23,1.270826,1.274714,1.265534,1.270696,1.270696,0
2024-01-24,1.269422,1.277368,1.268681,1.269197,1.269197,0
2024-01-25,1.271844,1.274226,1.269293,1.271876,1.271876,0
2024-01-26,1.270696,1.275754,1.267732,1.270826,1.270826,0
2024-01-29,1.269712,1.271941,1.266320,1.269761,1.269761,0
2024-01-30,1.271407,1.272135,1.264286,1.271326,1.271326,0
2024-01-31,1.269519,1.274925,1.266785,1.269551,1.269551,0
2024-02-01,1.268070,1.272540,1.262629,1.267845,1.267845,0
2024-02-02,1.274730,1.277286,1.262371,1.274730,1.274730,0
2024-02-05,1.261686,1.262993,1.252003,1.262196,1.262196,0
2024-02-06,1.253447,1.259462,1.253447,1.253447,1.253447,0
2024-02-07,1.260398,1.264191,1.259763,1.260653,1.260653,0
2024-02-08,1.262754,1.263903,1.257482,1.262738,1.262738,0
2024-02-09,1.262148,1.264223,1.260097,1.262053,1.262053,0
2024-02-12,1.263871,1.265406,1.260748,1.263727,1.263727,0
2024-02-13,1.262754,1.268343,1.257782,1.262754,1.262754,0
2024-02-14,1.259129,1.261099,1.253698,1.259065,1.259065,0
2024-02-15,1.256818,1.259652,1.254264,1.256834,1.256834,0
2024-02-16,1.259922,1.260239,1.255445,1.259922,1.259922,0
2024-02-19,1.261114,1.262977,1.258336,1.261114,1.261114,0
2024-02-20,1.258827,1.266705,1.258020,1.258764,1.258764,0
2024-02-21,1.262642,1.263791,1.260398,1.262738,1.262738,0
2024-02-22,1.263887,1.270971,1.261257,1.263807,1.263807,0
2024-02-23,1.266143,1.270180,1.264974,1.266368,1.266368,0
2024-02-26,1.267106,1.269954,1.265727,1.267267,1.267267,0
2024-02-27,1.268456,1.269690,1.266191,1.268456,1.268456,0
2024-02-28,1.268070,1.268424,1.262467,1.268166,1.268166,0
2024-02-29,1.266191,1.268215,1.262913,1.266304,1.266304,0
2024-03-01,1.262722,1.265615,1.260112,1.262547,1.262547,0
2024-03-04,1.266127,1.270664,1.265679,1.266031,1.266031,0
2024-03-05,1.269036,1.273350,1.267267,1.269197,1.269197,0
2024-03-06,1.270503,1.276112,1.269036,1.270487,1.270487,0
2024-03-07,1.273642,1.279885,1.272394,1.273545,1.273545,0
2024-03-08,1.281378,1.289058,1.280197,1.281558,1.281558,0
2024-03-11,1.285611,1.286240,1.279607,1.285512,1.285512,0
2024-03-12,1.281854,1.282545,1.274827,1.281981,1.281981,0
2024-03-13,1.279656,1.280902,1.277612,1.279591,1.279591,0
2024-03-14,1.280197,1.282347,1.273075,1.280213,1.280213,0
2024-03-15,1.274649,1.275917,1.273075,1.274584,1.274584,0
2024-03-18,1.273188,1.274860,1.272265,1.273139,1.273139,0
2024-03-19,1.272718,1.272912,1.266978,1.272718,1.272718,0
2024-03-20,1.271779,1.273010,1.268504,1.271941,1.271941,0
2024-03-21,1.279836,1.280393,1.266047,1.279836,1.279836,0
2024-03-22,1.266143,1.267588,1.257735,1.266191,1.266191,0
2024-03-25,1.259795,1.265182,1.259271,1.259795,1.259795,0
2024-03-26,1.263695,1.266785,1.262594,1.263791,1.263791,0
2024-03-27,1.262834,1.263903,1.260605,1.262850,1.262850,0
2024-03-28,1.261710,1.264974,1.258650,1.261670,1.261670,0
2024-03-29,1.262419,1.264814,1.261034,1.262626,1.262626,0
2024-04-01,1.263823,1.264382,1.254076,1.263727,1.263727,0
2024-04-02,1.254752,1.257862,1.254076,1.254548,1.254548,0
2024-04-03,1.257656,1.263552,1.256360,1.257688,1.257688,0
2024-04-04,1.265390,1.268166,1.264542,1.265182,1.265182,0
2024-04-05,1.263967,1.265006,1.257577,1.264019,1.264019,0
2024-04-08,1.262626,1.265583,1.261352,1.262531,1.262531,0
2024-04-09,1.265983,1.270906,1.265022,1.265871,1.265871,0
2024-04-10,1.267769,1.270535,1.253494,1.267765,1.267765,0
2024-04-11,1.253698,1.257767,1.251170,1.253761,1.253761,0
2024-04-12,1.255635,1.255887,1.242885,1.255477,1.255477,0
2024-04-15,1.246013,1.249844,1.244354,1.246184,1.246184,0
2024-04-16,1.244694,1.247349,1.241140,1.244741,1.244741,0
2024-04-17,1.243101,1.248175,1.241773,1.243101,1.243101,0
2024-04-18,1.245361,1.248455,1.243781,1.245377,1.245377,0
2024-04-19,1.243626,1.246883,1.239203,1.243766,1.243766,0
2024-04-22,1.237624,1.239265,1.230118,1.237578,1.237578,0
2024-04-23,1.235010,1.245795,1.233335,1.235025,1.235025,0
2024-04-24,1.245501,1.246727,1.242390,1.245330,1.245330,0
2024-04-25,1.245966,1.252348,1.245578,1.245951,1.245951,0
2024-04-26,1.250797,1.254154,1.245066,1.250907,1.250907,0
2024-04-29,1.251095,1.255493,1.250844,1.251048,1.251048,0
2024-04-30,1.255997,1.256281,1.250563,1.255982,1.255982,0
2024-05-01,1.248938,1.249844,1.246821,1.249016,1.249016,0
2024-05-02,1.253714,1.254705,1.247287,1.253934,1.253934,0
2024-05-03,1.253997,1.262945,1.252992,1.254060,1.254060,0
2024-05-06,1.254107,1.259430,1.253950,1.254107,1.254107,0
2024-05-07,1.255997,1.257024,1.253164,1.255982,1.255982,0
2024-05-08,1.250328,1.250563,1.246727,1.250141,1.250141,0
2024-05-09,1.249360,1.252066,1.244911,1.249328,1.249328,0
2024-05-10,1.252536,1.254154,1.250391,1.252568,1.252568,0
2024-05-13,1.252348,1.256913,1.251862,1.252285,1.252285,0
2024-05-14,1.255966,1.259303,1.251173,1.256187,1.256187,0
2024-05-15,1.258463,1.267106,1.258463,1.258527,1.258527,0
2024-05-16,1.268424,1.270002,1.264462,1.266416,1.266416,0